device_code,device_name,site_code,type
NANACU01_4G,NA_DCU_DIEN_AN_4G,NANACU01,4G
NANACU02_4G,NA_DCU_DIEN_BINH_4G,NANACU02,4G
NANACU03_4G,NA_DCU_DIEN_CHAU_2_4G,NANACU03,4G
NANACU04_4G,NA_DCU_DIEN_THINH_4G,NANACU04,4G
NANACU05_4G,NA_DCU_DIEN_TRUNG_4G,NANACU05,4G
NANACU06_4G,NA_DCU_DIEN_TAN_4G,NANACU06,4G
NANASD01_4G,NA_ASN_LANG_SON_2_4G,NANASD01,4G
NANASD02_4G,NA_ASN_VINH_SON_4G,NANASD02,4G
NANASD03_4G,NA_ASN_TAO_SON_4G,NANASD03,4G
NANASD04_4G,NA_ASN_LANG_SON_3_4G,NANASD04,4G
NANASD05_4G,NA_ASN_TAO_SON_2_4G,NANASD05,4G
NANASN08_4G,NA_ASN_ANH_SON_4G,NANASN08,4G
NANASN09_4G,NA_ASN_ANH_SON_2_4G,NANASN09,4G
NANASN10_4G,NA_ASN_DUC_SON_4G,NANASN10,4G
NANASN11_4G,NA_ASN_PHUC_SON_4G,NANASN11,4G
NANASN12_4G,NA_ASN_DUC_SON_2_4G,NANASN12,4G
NANASN13_4G,NA_ASN_THACH_SON_4G,NANASN13,4G
NANASN14_4G,NA_ASN_ANH_SON_3_4G,NANASN14,4G
NANBCN01_4G,NA_CCG_BINH_CHUAN_4G,NANBCN01,4G
NANBHA01_4G,NA_DLG_DAI_SON_3_4G,NANBHA01,4G
NANBHA02_4G,NA_DLG_DAI_SON_4G,NANBHA02,4G
NANBHA03_4G,NA_DLG_HIEN_SON_4G,NANBHA03,4G
NANBHA04_4G,NA_DLG_MY_SON_4G,NANBHA04,4G
NANBHA05_4G,NA_DLG_MY_SON_2_4G,NANBHA05,4G
NANBHA06_4G,NA_DLG_TRU_SON_4G,NANBHA06,4G
NANBHA07_4G,NA_DLG_HIEN_SON_2_4G,NANBHA07,4G
NANBHO01_4G,NA_TCG_THANH_XUAN_2_4G,NANBHO01,4G
NANBHO02_4G,NA_TCG_THANH_GIANG_4G,NANBHO02,4G
NANBHO03_4G,NA_TCG_THANH_MAI_2_4G,NANBHO03,4G
NANBHO04_4G,NA_TCG_THANH_LAM_4G,NANBHO04,4G
NANBHO05_4G,NA_TCG_THANH_MAI_4G,NANBHO05,4G
NANBHO06_4G,NA_TCG_THANH_XUAN_4G,NANBHO06,4G
NANBMH01_4G,NA_YTH_TAN_THANH_4G,NANBMH01,4G
NANBMH02_4G,NA_YTH_DUC_THANH_4G,NANBMH02,4G
NANBMH03_4G,NA_YTH_MA_THANH_4G,NANBMH03,4G
NANBMH04_4G,NA_YTH_MA_THANH_2_4G,NANBMH04,4G
NANBMH05_4G,NA_YTH_YEN_THANH_4_4G,NANBMH05,4G
NANBMH06_4G,NA_YTH_MA_THANH_3_4G,NANBMH06,4G
NANBNC01_4G,NA_DLG_GIANG_SON_2_4G,NANBNC01,4G
NANBNC02_4G,NA_DLG_GIANG_SON_4G,NANBNC02,4G
NANBNC03_4G,NA_DLG_BOI_SON_4G,NANBNC03,4G
NANBNC04_4G,NA_DLG_LAM_SON_4G,NANBNC04,4G
NANBNC05_4G,NA_DLG_VINH_LOC_2_4G,NANBNC05,4G
NANBNC06_4G,NA_DLG_LAM_SON_2_4G,NANBNC06,4G
NANBNC07_4G,NA_DLG_BOI_SON_2_4G,NANBNC07,4G
NANCBH01_4G,NA_QCU_CHAU_BINH_4G,NANCBH01,4G
NANCBH02_4G,NA_QCU_CHAU_BINH_2_4G,NANCBH02,4G
NANCBH03_4G,NA_QCU_CHAU_NGA_4G,NANCBH03,4G
NANCCG01_4G,NA_CCG_CON_CUONG_4G,NANCCG01,4G
NANCCG02_4G,NA_CCG_CON_CUONG_4_4G,NANCCG02,4G
NANCCG04_4G,NA_CCG_PU_MAT_2_4G,NANCCG04,4G
NANCCG06_4G,NA_CCG_BONG_KHE_4G,NANCCG06,4G
NANCCG07_4G,NA_CCG_CHI_KHE_4G,NANCCG07,4G
NANCCG08_4G,NA_CCG_CON_CUONG_2_4G,NANCCG08,4G
NANCHG01_4G,NA_QHP_MT_QUY_HOP_4G,NANCHG01,4G
NANCHG02_4G,NA_QHP_CHAU_TIEN_4G,NANCHG02,4G
NANCLC01_4G,NA_QHP_CHAU_LOC_4G,NANCLC01,4G
NANCLO01_4G,NA_CLO_NGHI_HAI_4G,NANCLO01,4G
NANCLO02_4G,NA_CLO_CUA_LO_2_4G,NANCLO02,4G
NANCLO03_4G,NA_CLO_BINH_MINH_4G,NANCLO03,4G
NANCLO04_4G,NA_CLO_CUA_LO_3_4G,NANCLO04,4G
NANCLO05_4G,NA_CLO_CUA_LO_4_4G,NANCLO05,4G
NANCLO06_4G,NA_CLO_NGHI_HUONG_4G,NANCLO06,4G
NANCLO07_4G,NA_CLO_NGHI_HUONG_3_4G,NANCLO07,4G
NANCLO08_4G,NA_CLO_CUA_HOI_4G,NANCLO08,4G
NANCLO09_4G,NA_CLO_CUA_LO_4G,NANCLO09,4G
NANCLO10_4G,NA_CLO_HAI_BANG_4G,NANCLO10,4G
NANCLO11_4G,NA_CLO_NGHI_HUONG_2_4G,NANCLO11,4G
NANCLO12_4G,NA_CLO_NGHI_TAN_4G,NANCLO12,4G
NANCLO13_4G,NA_CLO_NGHI_THU_2_4G,NANCLO13,4G
NANCLO14_4G,NA_CLO_NGUYEN_SINH_CUNG_4G,NANCLO14,4G
NANCLO15_4G,NA_CLO_NGUYEN_THUC_TU_4G,NANCLO15,4G
NANCLO16_4G,NA_CLO_VICOM_CUA_HOI_4G,NANCLO16,4G
NANCLO17_4G,NA_CLO_CONG_VIEN_NUOC_4G,NANCLO17,4G
NANCLU02_4G,NA_KSN_CHIEU_LUU_2_4G,NANCLU02,4G
NANCNN01_4G,NA_TCG_PHONG_THINH_4G,NANCNN01,4G
NANCNN02_4G,NA_TCG_CAT_VAN_4G,NANCNN02,4G
NANCNN03_4G,NA_TCG_THANH_HOA_4G,NANCNN03,4G
NANCTN01_4G,NA_QCU_CHAU_BINHS_4G,NANCTN01,4G
NANCTN02_4G,NA_QCU_CHAU_THANG_4G,NANCTN02,4G
NANCTN03_4G,NA_QCU_CHAU_THANG_2_4G,NANCTN03,4G
NANCTN04_4G,NA_QCU_CHAU_THUAN_4G,NANCTN04,4G
NANDCH02_4G,NA_DCU_DIEN_BICH_4G,NANDCH02,4G
NANDCH03_4G,NA_DCU_DIEN_CHAU_4G,NANDCH03,4G
NANDCH04_4G,NA_DCU_DIEN_CHAU_3_4G,NANDCH04,4G
NANDCH05_4G,NA_DCU_DIEN_PHUC_4G,NANDCH05,4G
NANDCH06_4G,NA_DCU_DIEN_THANH_4G,NANDCH06,4G
NANDCH07_4G,NA_DCU_DIEN_HOA_4G,NANDCH07,4G
NANDCH08_4G,NA_DCU_TT_DIEN_CHAU_4G,NANDCH08,4G
NANDCH09_4G,NA_DCU_MUONG_THANH_4G,NANDCH09,4G
NANDCH10_4G,NA_DCU_DIEN_PHUC_2_4G,NANDCH10,4G
NANDCH11_4G,NA_DCU_DIEN_BINH_2_4G,NANDCH11,4G
NANDCU01_4G,NA_DCU_CAU_BUNG_4G,NANDCU01,4G
NANDCU02_4G,NA_DCU_DIEN_HONG_4G,NANDCU02,4G
NANDCU03_4G,NA_DCU_DIEN_KY_4G,NANDCU03,4G
NANDCU04_4G,NA_DCU_DIEN_PHONG_4G,NANDCU04,4G
NANDCU05_4G,NA_DCU_DIEN_VAN_4G,NANDCU05,4G
NANDCU06_4G,NA_DCU_DIEN_KY_2_01R_4G,NANDCU06,4G
NANDDG01_4G,NA_TCG_THANH_DONG_4G,NANDDG01,4G
NANDDG02_4G,NA_TCG_THANH_CHUONG_4G,NANDDG02,4G
NANDDG03_4G,NA_TCG_THANH_CHUONG_2_4G,NANDDG03,4G
NANDDG04_4G,NA_TCG_THANH_CHUONG_3_4G,NANDDG04,4G
NANDDG05_4G,NA_TCG_THANH_HUNG_4G,NANDDG05,4G
NANDDG06_4G,NA_TCG_THANH_LINH_4G,NANDDG06,4G
NANDDG07_4G,NA_TCG_THANH_NGOC_4G,NANDDG07,4G
NANDDG08_4G,NA_TCG_THANH_NGOC_3_4G,NANDDG08,4G
NANDDG09_4G,NA_TCG_THANH_PHONG_4G,NANDDG09,4G
NANDDG10_4G,NA_TCG_THANH_VAN_4G,NANDDG10,4G
NANDHE01_4G,NA_NDN_NAM_ANH_4G,NANDHE01,4G
NANDHE02_4G,NA_NDN_NAM_ANH_3_4G,NANDHE02,4G
NANDHE03_4G,NA_NDN_NAM_XUAN_4G,NANDHE03,4G
NANDHE04_4G,NA_NDN_XUAN_HOA_4G,NANDHE04,4G
NANDHE05_4G,NA_NDN_NAM_LINH_4G,NANDHE05,4G
NANDHE06_4G,NA_NDN_NAM_THANH_2_4G,NANDHE06,4G
NANDHE07_4G,NA_NDN_NAM_XUAN_2_4G,NANDHE07,4G
NANDHE08_4G,NA_NDN_KIM_LIEN_4G,NANDHE08,4G
NANDHE09_4G,NA_NDN_NAM_LINH_2_4G,NANDHE09,4G
NANDHU01_4G,NA_NAD_NGHIA_BINH_4_4G,NANDHU01,4G
NANDHU02_4G,NA_NAD_NGHIA_THUAN_2_4G,NANDHU02,4G
NANDHU03_4G,NA_THA_NB_DONG_HIEU_4G,NANDHU03,4G
NANDHU04_4G,NA_THA_NGHIA_MY_4G,NANDHU04,4G
NANDHU05_4G,NA_THA_NGHIA_THUAN_4G,NANDHU05,4G
NANDHU06_4G,NA_THA_NGHIA_THUAN_4_4G,NANDHU06,4G
NANDHU07_4G,NA_NAD_NGHIA_LOC_3_4G,NANDHU07,4G
NANDLC01_4G,NA_NLC_NGHI_LONG_2_4G,NANDLC01,4G
NANDLC02_4G,NA_CLO_NGHI_THACH_4G,NANDLC02,4G
NANDLC03_4G,NA_NLC_NGHI_KHANH_4G,NANDLC03,4G
NANDLC04_4G,NA_NLC_NGHI_THACH_4G,NANDLC04,4G
NANDLC05_4G,NA_NLC_NGHI_THINH_4G,NANDLC05,4G
NANDLC06_4G,NA_NLC_NGHI_TRUONG_4G,NANDLC06,4G
NANDLC07_4G,NA_NLC_NGHI_HOP_4G,NANDLC07,4G
NANDLC08_4G,NA_NLC_NGHI_THINH_01R_4G,NANDLC08,4G
NANDLC09_4G,NA_NLC_NGHI_TRUONG_2_4G,NANDLC09,4G
NANDLC10_4G,NA_NLC_NGHI_HOP_2_4G,NANDLC10,4G
NANDLC12_4G,NA_NLC_NGHI_THINH_2_4G,NANDLC12,4G
NANDLG01_4G,NA_DLG_DA_SON_4G,NANDLG01,4G
NANDLG02_4G,NA_DLG_BAC_SON_4G,NANDLG02,4G
NANDLG03_4G,NA_DLG_DO_LUONG_4G,NANDLG03,4G
NANDLG04_4G,NA_DLG_NAM_SON_4G,NANDLG04,4G
NANDLG05_4G,NA_DLG_TAN_SON_2_4G,NANDLG05,4G
NANDLG06_4G,NA_DLG_THINH_SON_4G,NANDLG06,4G
NANDLG07_4G,NA_DLG_LAC_SON_2_4G,NANDLG07,4G
NANDLG08_4G,NA_DLG_TT_DO_LUONG_4G,NANDLG08,4G
NANDLG09_4G,NA_DLG_NAM_SON_3_4G,NANDLG09,4G
NANDLG10_4G,NA_DLG_DANG_SON_4G,NANDLG10,4G
NANDTH01_4G,NA_YTH_DO_THANH_4G,NANDTH01,4G
NANDTH02_4G,NA_YTH_HONG_THANH_4G,NANDTH02,4G
NANDTH03_4G,NA_YTH_THO_THANH_4G,NANDTH03,4G
NANDTH04_4G,NA_YTH_LANG_THANH_2_4G,NANDTH04,4G
NANGLC01_4G,NA_YTH_LANG_THANH_4G,NANGLC01,4G
NANGLC02_4G,NA_YTH_HAU_THANH_4G,NANGLC02,4G
NANGLC03_4G,NA_YTH_PHUC_THANH_2_4G,NANGLC03,4G
NANGLC04_4G,NA_YTH_HAU_THANH_2_4G,NANGLC04,4G
NANGLC05_4G,NA_YTH_PHUC_THANH_4G,NANGLC05,4G
NANGLC06_4G,NA_YTH_LANG_THANH_3_4G,NANGLC06,4G
NANGXN01_4G,NA_TKY_GIAI_XUAN_4G,NANGXN01,4G
NANHCH01_4G,NA_DCU_DIEN_HAI_2_4G,NANHCH01,4G
NANHCH02_4G,NA_DCU_DIEN_HAI_4G,NANHCH02,4G
NANHCH03_4G,NA_DCU_DIEN_HOANG_2_4G,NANHCH03,4G
NANHCH04_4G,NA_DCU_DIEN_HUNG_4G,NANHCH04,4G
NANHCH05_4G,NA_DCU_DIEN_KIM_4G,NANHCH05,4G
NANHCH06_4G,NA_DCU_DIEN_MY_4G,NANHCH06,4G
NANHCH07_4G,NA_DCU_DIEN_HOANG_4G,NANHCH07,4G
NANHCH08_4G,NA_DCU_DIEN_HOANG_3_4G,NANHCH08,4G
NANHCH09_4G,NA_DCU_DIEN_MY_2_4G,NANHCH09,4G
NANHCN01_4G,NA_QCU_CHAU_PHONG_4G,NANHCN01,4G
NANHCU01_4G,NA_DCU_DIEN_YEN_4G,NANHCU01,4G
NANHCU02_4G,NA_DCU_YEN_LY_4G,NANHCU02,4G
NANHCU03_4G,NA_DCU_DIEN_DOAI_3_4G,NANHCU03,4G
NANHCU04_4G,NA_DCU_DIEN_DOAI_4G,NANHCU04,4G
NANHCU05_4G,NA_DCU_DIEN_DOAI_2_4G,NANHCU05,4G
NANHCU06_4G,NA_DCU_DIEN_LAM_4G,NANHCU06,4G
NANHCU07_4G,NA_DCU_DIEN_LAM_2_4G,NANHCU07,4G
NANHCU08_4G,NA_DCU_DIEN_LAM_6_4G,NANHCU08,4G
NANHCU09_4G,NA_DCU_DIEN_TRUONG_4G,NANHCU09,4G
NANHCU10_4G,NA_DCU_DIEN_LAM_3_4G,NANHCU10,4G
NANHCU11_4G,NA_DCU_MUONG_THANH_DIEN_LAM_4G,NANHCU11,4G
NANHCU12_4G,NA_DCU_DIEN_LAM_4_4G,NANHCU12,4G
NANHCU13_4G,NA_DCU_DIEN_TRUONG_2_4G,NANHCU13,4G
NANHCU14_4G,NA_DCU_DIEN_LAM_7_4G,NANHCU14,4G
NANHCU15_4G,NA_DCU_VIET_GLORY_4G,NANHCU15,4G
NANHKM01_4G,NA_KSN_KY_SON_3_4G,NANHKM01,4G
NANHLC01_4G,NA_NLC_BAI_LU_4G,NANHLC01,4G
NANHLC02_4G,NA_CLO_CANG_CUA_LO_4G,NANHLC02,4G
NANHLC03_4G,NA_NLC_NGHI_LOC_4G,NANHLC03,4G
NANHLC04_4G,NA_NLC_NGHI_THIET_2_4G,NANHLC04,4G
NANHLC05_4G,NA_NLC_CANG_VISSAI_4G,NANHLC05,4G
NANHLC06_4G,NA_NLC_NGHI_TIEN_4G,NANHLC06,4G
NANHLC07_4G,NA_NLC_NGHI_THIET_3_4G,NANHLC07,4G
NANHLC08_4G,NA_NLC_NGHI_YEN_4G,NANHLC08,4G
NANHLM01_4G,NA_TCG_HANH_LAM_4G,NANHLM01,4G
NANHLM02_4G,NA_TCG_THANH_DUC_4G,NANHLM02,4G
NANHLM03_4G,NA_TCG_THANH_DUC_2_4G,NANHLM03,4G
NANHMH01_4G,NA_YTH_VINH_THANH_4G,NANHMH01,4G
NANHMH02_4G,NA_YTH_BAO_THANH_2_4G,NANHMH02,4G
NANHMH03_4G,NA_YTH_LONG_THANH_4G,NANHMH03,4G
NANHMH04_4G,NA_YTH_SON_THANH_4G,NANHMH04,4G
NANHMH05_4G,NA_YTH_VIEN_THANH_4G,NANHMH05,4G
NANHMH06_4G,NA_YTH_VINH_THANH_2_4G,NANHMH06,4G
NANHMH07_4G,NA_YTH_VINH_THANH_3_4G,NANHMH07,4G
NANHMH08_4G,NA_YTH_SON_THANH_2_4G,NANHMH08,4G
NANHMI01_4G,NA_HMA_CN_HOANG_MAI_4G,NANHMI01,4G
NANHMI02_4G,NA_HMA_HOANG_MAI_4G,NANHMI02,4G
NANHMI03_4G,NA_HMA_QUYNH_THIEN_4G,NANHMI03,4G
NANHMI04_4G,NA_HMA_QUYNH_THIEN_2_4G,NANHMI04,4G
NANHMI05_4G,NA_HMA_QUYNH_TRANG_4G,NANHMI05,4G
NANHMI06_4G,NA_HMA_QUYNH_VINH_4G,NANHMI06,4G
NANHMI07_4G,NA_HMA_QUYNH_VINH_4_4G,NANHMI07,4G
NANHMI08_4G,NA_QLU_QUYNH_TRANG_2_4G,NANHMI08,4G
NANHMI09_4G,NA_HMA_QUYNH_VINH_2_4G,NANHMI09,4G
NANHMI10_4G,NA_HMA_QUYNH_VINH_3_4G,NANHMI10,4G
NANHMI11_4G,NA_HMA_KCN_HOANG_MAI_4_4G,NANHMI11,4G
NANHMI12_4G,NA_HMA_XM_HOANG_MAI_4G,NANHMI12,4G
NANHNG01_4G,NA_HNN_HUNG_DAO_4G,NANHNG01,4G
NANHNG02_4G,NA_HNN_HUNG_DONG_4G,NANHNG02,4G
NANHNG03_4G,NA_HNN_HUNG_NGUYEN_4G,NANHNG03,4G
NANHNG04_4G,NA_HNN_HUNG_NGUYEN_2_4G,NANHNG04,4G
NANHNG05_4G,NA_HNN_HUNG_TAY_4G,NANHNG05,4G
NANHNG06_4G,NA_HNN_HUNG_THINH_4G,NANHNG06,4G
NANHNG07_4G,NA_HNN_HUNG_MY_4G,NANHNG07,4G
NANHNG08_4G,NA_HNN_HUNG_NGUYEN_3_4G,NANHNG08,4G
NANHNG09_4G,NA_HNN_HUNG_NGUYEN_01R_4G,NANHNG09,4G
NANHNG10_4G,NA_HNN_HUNG_THINH_3_4G,NANHNG10,4G
NANHNG11_4G,NA_HNN_HUNG_DAO_2_4G,NANHNG11,4G
NANHNG12_4G,NA_HNN_KCN_VSIP_4G,NANHNG12,4G
NANHNG13_4G,NA_HNN_KCN_VSIP_NAN_PSDT_2_4G,NANHNG13,4G
NANHNG14_4G,NA_HNN_KCN_VSIP_3_4G,NANHNG14,4G
NANHNG15_4G,NA_HNN_HUNG_DAO_3_4G,NANHNG15,4G
NANHNG16_4G,NA_HNN_KCN_VSIP_5_4G,NANHNG16,4G
NANHNG17_4G,NA_HNN_KCN_VSIP_4_4G,NANHNG17,4G
NANHNG20_4G,NA_HNN_KCN_LUXSHARE_1_4G,NANHNG20,4G
NANHNG21_4G,NA_HNN_KCN_LUXSHARE_2_4G,NANHNG21,4G
NANHNN01_4G,NA_HNN_HUNG_TAN_4G,NANHNN01,4G
NANHNN02_4G,NA_HNN_HUNG_LAM_4G,NANHNN02,4G
NANHNN03_4G,NA_HNN_HUNG_LINH_4G,NANHNN03,4G
NANHNN04_4G,NA_HNN_HUNG_LONG_4G,NANHNN04,4G
NANHNN05_4G,NA_HNN_HUNG_XA_4G,NANHNN05,4G
NANHNN06_4G,NA_HNN_HUNG_LONG_2_4G,NANHNN06,4G
NANHNN07_4G,NA_HNN_HUNG_THONG_4G,NANHNN07,4G
NANHQN01_4G,NA_TCG_THANH_AN_2_4G,NANHQN01,4G
NANHQN02_4G,NA_TCG_CHE_TRUONG_THINH_4G,NANHQN02,4G
NANHQN03_4G,NA_TCG_THANH_AN_4G,NANHQN03,4G
NANHQN04_4G,NA_TCG_THANH_CHI_4G,NANHQN04,4G
NANHQN05_4G,NA_TCG_THANH_HUG_4G,NANHQN05,4G
NANHQN06_4G,NA_TCG_THANH_KHE_2_4G,NANHQN06,4G
NANHQN07_4G,NA_TCG_THANH_THINH_4G,NANHQN07,4G
NANKBG01_4G,NA_TCG_THANH_HA_2_4G,NANKBG01,4G
NANKBG02_4G,NA_TCG_VO_LIET_4G,NANKBG02,4G
NANKBG03_4G,NA_TCG_VO_LIET_3_4G,NANKBG03,4G
NANKBG04_4G,NA_TCG_NGOC_LAM_4G,NANKBG04,4G
NANKBG05_4G,NA_TCG_THANH_HA_3_4G,NANKBG05,4G
NANKBG06_4G,NA_TCG_THANH_THUY_2_4G,NANKBG06,4G
NANKBG07_4G,NA_TCG_VO_LIET_4_4G,NANKBG07,4G
NANKLN01_4G,NA_NDN_HONG_LONG_4G,NANKLN01,4G
NANKLN02_4G,NA_NDN_HUNG_TIEN_4G,NANKLN02,4G
NANKLN03_4G,NA_NDN_LANG_SEN_4G,NANKLN03,4G
NANKLN04_4G,NA_NDN_NAM_CAT_4G,NANKLN04,4G
NANKLN05_4G,NA_NDN_NAM_GIANG_4G,NANKLN05,4G
NANKLN06_4G,NA_NDN_XUAN_LAM_4G,NANKLN06,4G
NANKLN07_4G,NA_NDN_NAM_GIANG_2_4G,NANKLN07,4G
NANKLN08_4G,NA_NDN_VAN_HOI_4G,NANKLN08,4G
NANKLN09_4G,NA_NDN_XUAN_LAM_2_4G,NANKLN09,4G
NANKLN10_4G,NA_HNN_HUNG_TAY_2_4G,NANKLN10,4G
NANKLN11_4G,NA_NDN_HONG_LONG_2_4G,NANKLN11,4G
NANKLN12_4G,NA_NDN_NAM_CAT_2_4G,NANKLN12,4G
NANKLN14_4G,NA_NDN_HUNG_TIEN_2_4G,NANKLN14,4G
NANLMH01_4G,NA_TDG_LUONG_MINH_VTCI_4G,NANLMH01,4G
NANLSN01_4G,NA_DLG_XM_DO_LUONG_4G,NANLSN01,4G
NANLSN02_4G,NA_DLG_DO_LUONG_2_4G,NANLSN02,4G
NANLSN03_4G,NA_DLG_HONG_SON_4G,NANLSN03,4G
NANLSN04_4G,NA_DLG_LAC_SON_4G,NANLSN04,4G
NANLSN05_4G,NA_DLG_DONG_SON_4G,NANLSN05,4G
NANLSN06_4G,NA_DLG_TRANG_SON_4G,NANLSN06,4G
NANLSN07_4G,NA_DLG_DONG_SON_2_4G,NANLSN07,4G
NANLTH01_4G,NA_HNN_HUNG_CHAU_4G,NANLTH01,4G
NANLTH02_4G,NA_HNN_HUNG_KHANH_4G,NANLTH02,4G
NANLTH03_4G,NA_HNN_HUNG_LOI_4G,NANLTH03,4G
NANLTH04_4G,NA_HNN_HUNG_NHAN_4G,NANLTH04,4G
NANLTH05_4G,NA_HNN_HUNG_TIEN_4G,NANLTH05,4G
NANLTH06_4G,NA_HNN_HUNG_PHUC_4G,NANLTH06,4G
NANMCG01_4G,NA_QHP_CHAU_LY_4G,NANMCG01,4G
NANMCG02_4G,NA_QHP_NAM_SON_4G,NANMCG02,4G
NANMCG03_4G,NA_QHP_NAM_SON_3_4G,NANMCG03,4G
NANMCU01_4G,NA_DCU_DIEN_HANH_4G,NANMCU01,4G
NANMCU02_4G,NA_DCU_DIEN_CAT_4G,NANMCU02,4G
NANMCU03_4G,NA_DCU_DIEN_MINH_4G,NANMCU03,4G
NANMCU04_4G,NA_DCU_DIEN_NGUYEN_4G,NANMCU04,4G
NANMCU05_4G,NA_DCU_DIEN_THANG_4G,NANMCU05,4G
NANMCU06_4G,NA_DCU_MINH_CHAU_4G,NANMCU06,4G
NANMCU07_4G,NA_DCU_DIEN_BINH_3_4G,NANMCU07,4G
NANMHM01_4G,NA_QHP_CHAU_CUONG_2_4G,NANMHM01,4G
NANMHM02_4G,NA_QHP_CHAU_THAI_4G,NANMHM02,4G
NANMHM03_4G,NA_QHP_CHAU_THAI_2_4G,NANMHM03,4G
NANMHP01_4G,NA_QHP_HA_SON_1_4G,NANMHP01,4G
NANMHP02_4G,NA_QHP_HA_SON_2_4G,NANMHP02,4G
NANMHP03_4G,NA_QHP_MINH_HOP_4G,NANMHP03,4G
NANMHP04_4G,NA_QHP_MINH_HOP_2_4G,NANMHP04,4G
NANMHP05_4G,NA_QHP_MINH_HOP_3_4G,NANMHP05,4G
NANMQG01_4G,NA_QPG_BAN_COC_4G,NANMQG01,4G
NANMSN02_4G,NA_CCG_MON_SON_4G,NANMSN02,4G
NANMTH01_4G,NA_CCG_THACH_NGAN_2_4G,NANMTH01,4G
NANMXN01_4G,NA_KSN_KY_SON_4G,NANMXN01,4G
NANMXN02_4G,NA_KSN_TA_CA_4G,NANMXN02,4G
NANNCN02_4G,NA_KSN_NAM_CAN_2_4G,NANNCN02,4G
NANNDA01_4G,NA_NDN_NAM_HUNG_4G,NANNDA01,4G
NANNDA02_4G,NA_NDN_NAM_NGHIA_4G,NANNDA02,4G
NANNDA03_4G,NA_NDN_NAM_THAI_4G,NANNDA03,4G
NANNDA04_4G,NA_NDN_NAM_THANH_4G,NANNDA04,4G
NANNDA05_4G,NA_NDN_NAM_HUNG_2_4G,NANNDA05,4G
NANNDA06_4G,NA_NDN_NAM_THANH_3_4G,NANNDA06,4G
NANNDG01_4G,NA_TKY_NGHIA_BINH_4G,NANNDG01,4G
NANNDG02_4G,NA_TKY_NGHIA_BINH_2_4G,NANNDG02,4G
NANNDG03_4G,NA_TKY_NGHIA_DONG_4G,NANNDG03,4G
NANNDG04_4G,NA_TKY_NGHIA_DONG_2_4G,NANNDG04,4G
NANNDN01_4G,NA_NAD_NGHIA_BINH_4G,NANNDN01,4G
NANNDN02_4G,NA_NAD_NGHIA_BINH_2_4G,NANNDN02,4G
NANNDN03_4G,NA_NAD_NGHIA_TRUNG_4G,NANNDN03,4G
NANNDN04_4G,NA_NAD_TT_NGHIA_DAN_4G,NANNDN04,4G
NANNDN05_4G,NA_NAD_NGHIA_BINH_3_4G,NANNDN05,4G
NANNDN06_4G,NA_NAD_NGHIA_BINH_5_4G,NANNDN06,4G
NANNHA01_4G,NA_ASN_CAM_SON_4G,NANNHA01,4G
NANNHA02_4G,NA_ASN_DINH_SON_4G,NANNHA02,4G
NANNHA03_4G,NA_ASN_DINH_SON_2_4G,NANNHA03,4G
NANNHA05_4G,NA_ASN_CAM_SON_2_4G,NANNHA05,4G
NANNHG01_4G,NA_NAD_NGHIA_HUNG_4G,NANNHG01,4G
NANNHG02_4G,NA_NAD_NGHIA_LIEN_4G,NANNHG02,4G
NANNHG03_4G,NA_NAD_NGHIA_MAI_2_4G,NANNHG03,4G
NANNHG04_4G,NA_NAD_NGHIA_TAN_4G,NANNHG04,4G
NANNHG05_4G,NA_NAD_NGHIA_TAN_2_4G,NANNHG05,4G
NANNHG06_4G,NA_THA_NGHIA_TIEN_4G,NANNHG06,4G
NANNHH01_4G,NA_TKY_NGHIA_HANH_4G,NANNHH01,4G
NANNHH02_4G,NA_TKY_NGHIA_HANH_3_4G,NANNHH02,4G
NANNHH03_4G,NA_TKY_PHU_SON_2_4G,NANNHH03,4G
NANNHH04_4G,NA_TKY_TAN_HUONG_2_4G,NANNHH04,4G
NANNHH06_4G,NA_TKY_QUYET_THANG_VTCI_4G,NANNHH06,4G
NANNKH01_4G,NA_NAD_NGHIA_AN_4G,NANNKH01,4G
NANNKH02_4G,NA_NAD_NGHIA_KHANH_4G,NANNKH02,4G
NANNKH03_4G,NA_NAD_NGHIA_KHANH_2_4G,NANNKH03,4G
NANNKH04_4G,NA_NAD_NGHIA_DUC_4G,NANNKH04,4G
NANNKH05_4G,NA_NAD_XOM_NUNG_VTCI_4G,NANNKH05,4G
NANNLC01_4G,NA_NLC_NGHI_DIEN_4G,NANNLC01,4G
NANNLC02_4G,NA_NLC_NGHI_HOA_4G,NANNLC02,4G
NANNLC03_4G,NA_NLC_NGHI_VANJ_4G,NANNLC03,4G
NANNLC04_4G,NA_NLC_QUAN_HANH_4G,NANNLC04,4G
NANNLC05_4G,NA_NLC_NGHI_TRUNG_4G,NANNLC05,4G
NANNLC06_4G,NA_NLC_NGHI_VAN_2_4G,NANNLC06,4G
NANNLC07_4G,NA_NLC_NGHI_TRUNG_2_4G,NANNLC07,4G
NANNLC08_4G,NA_NLC_NGHI_HOA_2_4G,NANNLC08,4G
NANNLC09_4G,NA_NLC_CA_NGHI_LOC_4G,NANNLC09,4G
NANNLM01_4G,NA_NAD_NGHIA_LAC_4G,NANNLM01,4G
NANNLM02_4G,NA_NAD_NGHIA_LAC_2_4G,NANNLM02,4G
NANNLM03_4G,NA_NAD_NGHIA_LAM_4G,NANNLM03,4G
NANNLM04_4G,NA_NAD_NGHIA_YEN_2_4G,NANNLM04,4G
NANNLM05_4G,NA_NAD_YEN_TRUNG_4G,NANNLM05,4G
NANNLM06_4G,NA_NAD_NGHIA_LAM_2_4G,NANNLM06,4G
NANNLM07_4G,NA_NAD_NGHIA_YEN_4G,NANNLM07,4G
NANNLM08_4G,NA_NAD_NGHIA_SON_4G,NANNLM08,4G
NANNLO01_4G,NA_NAD_NGHIA_LOC_4G,NANNLO01,4G
NANNLO02_4G,NA_NAD_NGHIA_LOC_2_4G,NANNLO02,4G
NANNLO03_4G,NA_NAD_NGHIA_LONG_4G,NANNLO03,4G
NANNLO04_4G,NA_NAD_THO_LOC_4G,NANNLO04,4G
NANNLO05_4G,NA_NAD_NGHIA_LOC_4_4G,NANNLO05,4G
NANNMA01_4G,NA_NAD_NGHIA_HONG_4G,NANNMA01,4G
NANNMA02_4G,NA_NAD_NGHIA_MAI_4G,NANNMA02,4G
NANNMA03_4G,NA_NAD_NGHIA_MINH_2_4G,NANNMA03,4G
NANNMA04_4G,NA_NAD_NGHIA_MINH_4G,NANNMA04,4G
NANNMY01_4G,NA_TDG_XIENG_MY_4G,NANNMY01,4G
NANNMY02_4G,NA_TDG_NGA_MY_4G,NANNMY02,4G
NANNMY03_4G,NA_TDG_XIENG_MY_VTCI_4G,NANNMY03,4G
NANNTO01_4G,NA_NAD_NGHIA_HOI_4G,NANNTO01,4G
NANNTO02_4G,NA_NAD_NGHIA_HOI_2_4G,NANNTO02,4G
NANNTO03_4G,NA_NAD_NGHIA_LOI_4G,NANNTO03,4G
NANNTO04_4G,NA_NAD_NGHIA_LOI_2_4G,NANNTO04,4G
NANNTO05_4G,NA_NAD_NGHIA_THO_4G,NANNTO05,4G
NANPLC01_4G,NA_NLC_NGHI_CONG_BAC_4G,NANPLC01,4G
NANPLC02_4G,NA_NLC_NGHI_CONG_NAM_4G,NANPLC02,4G
NANPLC03_4G,NA_NLC_NGHI_LAM_4G,NANPLC03,4G
NANPLC04_4G,NA_NLC_NGHI_MY_4G,NANPLC04,4G
NANPLC05_4G,NA_NLC_NGHI_MY_2_4G,NANPLC05,4G
NANPLC06_4G,NA_NLC_NGHI_MY_3_4G,NANPLC06,4G
NANPLC07_4G,NA_NLC_NGHI_CONG_NAM_2_4G,NANPLC07,4G
NANPLC08_4G,NA_NLC_NGHI_LAM_2_4G,NANPLC08,4G
NANPLC09_4G,NA_NLC_NGHI_CONG_NAM_3_4G,NANPLC09,4G
NANQAH01_4G,NA_QLU_QUYNH_YEN_4G,NANQAH01,4G
NANQAH02_4G,NA_QLU_QUYNH_BANG_4G,NANQAH02,4G
NANQAH03_4G,NA_QLU_QUYNH_LUONG_4G,NANQAH03,4G
NANQAH04_4G,NA_QLU_QUYNH_THANH_4G,NANQAH04,4G
NANQAH05_4G,NA_QLU_QUYNH_THANH_3_4G,NANQAH05,4G
NANQAH07_4G,NA_QLU_QUYNH_DOI_4G,NANQAH07,4G
NANQAH08_4G,NA_QLU_QUYNH_YEN_2_4G,NANQAH08,4G
NANQCH01_4G,NA_DCU_DIEN_DONG_4G,NANQCH01,4G
NANQCH02_4G,NA_DCU_DIEN_LIEN_4G,NANQCH02,4G
NANQCH03_4G,NA_DCU_DIEN_THAI_4G,NANQCH03,4G
NANQCH04_4G,NA_DCU_DIEN_THAP_4G,NANQCH04,4G
NANQCH05_4G,NA_DCU_DIEN_XUAN_4G,NANQCH05,4G
NANQCH06_4G,NA_DCU_DIEN_DONG_01R_4G,NANQCH06,4G
NANQCH07_4G,NA_DCU_DIEN_THAP_2_4G,NANQCH07,4G
NANQCU01_4G,NA_QCU_CHAU_HANH_4G,NANQCU01,4G
NANQCU02_4G,NA_QCU_CHAU_HOI_4G,NANQCU02,4G
NANQCU03_4G,NA_QCU_QUY_CHAU_4G,NANQCU03,4G
NANQCU04_4G,NA_QCU_QUY_CHAU_2_4G,NANQCU04,4G
NANQDG01_4G,NA_YTH_KIM_THANH_4G,NANQDG01,4G
NANQDG02_4G,NA_YTH_DONG_THANH_4G,NANQDG02,4G
NANQDG03_4G,NA_YTH_DONG_THANH_2_4G,NANQDG03,4G
NANQHP01_4G,NA_QHP_CHAU_QUANG_4G,NANQHP01,4G
NANQHP02_4G,NA_QHP_CHAU_QUANG_2_4G,NANQHP02,4G
NANQHP03_4G,NA_QHP_QUY_HOP_4G,NANQHP03,4G
NANQHP04_4G,NA_QHP_QUY_HOP_2_4G,NANQHP04,4G
NANQHP05_4G,NA_QHP_QUY_HOP_4_4G,NANQHP05,4G
NANQHP06_4G,NA_QHP_QUANG_MINH_4G,NANQHP06,4G
NANQHP07_4G,NA_QHP_THO_HOP_4G,NANQHP07,4G
NANQLU01_4G,NA_QLU_QUYNH_NGOC_2_4G,NANQLU01,4G
NANQLU02_4G,NA_QLU_CAU_GIAT_4G,NANQLU02,4G
NANQLU03_4G,NA_QLU_QUYNH_BA_4G,NANQLU03,4G
NANQLU04_4G,NA_QLU_QUYNH_DIEN_4G,NANQLU04,4G
NANQLU05_4G,NA_QLU_QUYNH_GIANG_4G,NANQLU05,4G
NANQLU06_4G,NA_QLU_QUYNH_HAU_4G,NANQLU06,4G
NANQLU07_4G,NA_QLU_QUYNH_HAU_2_4G,NANQLU07,4G
NANQLU08_4G,NA_QLU_QUYNH_HONG_4G,NANQLU08,4G
NANQLU09_4G,NA_QLU_QUYNH_HUNG_4G,NANQLU09,4G
NANQLU10_4G,NA_QLU_QUYNH_GIANG_2_4G,NANQLU10,4G
NANQLU11_4G,NA_QLU_QUYNH_HUNG_2_4G,NANQLU11,4G
NANQLU12_4G,NA_QLU_QUYNH_NGOC_3_4G,NANQLU12,4G
NANQMI01_4G,NA_HMA_HOANG_MAI_2_4G,NANQMI01,4G
NANQMI02_4G,NA_HMA_MAI_HUNG_4G,NANQMI02,4G
NANQMI03_4G,NA_HMA_QUYNH_LIEN_4G,NANQMI03,4G
NANQMI04_4G,NA_HMA_QUYNH_LIEN_2_4G,NANQMI04,4G
NANQMI05_4G,NA_HMA_QUYNH_PHUONG_4G,NANQMI05,4G
NANQMI06_4G,NA_HMA_QUYNH_XUAN_4G,NANQMI06,4G
NANQMI07_4G,NA_HMA_QUYNH_XUAN_3_4G,NANQMI07,4G
NANQMI08_4G,NA_HMA_MAI_HUNG_2_4G,NANQMI08,4G
NANQPG01_4G,NA_QPG_KIM_SON_4G,NANQPG01,4G
NANQPG02_4G,NA_QPG_MUONG_NGOC_4G,NANQPG02,4G
NANQPG03_4G,NA_QPG_QUE_PHONG_4G,NANQPG03,4G
NANQPG04_4G,NA_QPG_QUE_PHONG_2_4G,NANQPG04,4G
NANQPU01_4G,NA_QLU_QUYNH_NGHIA_4G,NANQPU01,4G
NANQPU02_4G,NA_QLU_KHANH_THANH_4G,NANQPU02,4G
NANQPU03_4G,NA_QLU_LAM_THO_4G,NANQPU03,4G
NANQPU04_4G,NA_QLU_NGO_4G,NANQPU04,4G
NANQPU05_4G,NA_QLU_QUYNH_LONG_4G,NANQPU05,4G
NANQPU06_4G,NA_QLU_QUYNH_NGHIA_2_4G,NANQPU06,4G
NANQPU07_4G,NA_QLU_QUYNH_THUAN_4G,NANQPU07,4G
NANQPU08_4G,NA_QLU_QUYNH_THUAN_2_4G,NANQPU08,4G
NANQPU09_4G,NA_QLU_SON_HAI_4G,NANQPU09,4G
NANQPU10_4G,NA_QLU_TIEN_THUY_4G,NANQPU10,4G
NANQPU11_4G,NA_QLU_TIEN_THUY_SEA_4G,NANQPU11,4G
NANQSN01_4G,NA_QLU_QUYNH_LAM_4G,NANQSN01,4G
NANQSN02_4G,NA_QLU_NGOC_SON_4G,NANQSN02,4G
NANQSN03_4G,NA_QLU_QUYNH_HOA_4G,NANQSN03,4G
NANQSN04_4G,NA_QLU_QUYNH_LUU_4G,NANQSN04,4G
NANQSN05_4G,NA_QLU_QUYNH_MY_4G,NANQSN05,4G
NANQSN06_4G,NA_QLU_NGOC_SON_2_4G,NANQSN06,4G
NANQSN07_4G,NA_QLU_QUYNH_LAM_2_4G,NANQSN07,4G
NANQSN08_4G,NA_QLU_NGOC_SON_3_4G,NANQSN08,4G
NANQSN09_4G,NA_QLU_QUYNH_LAM_3_4G,NANQSN09,4G
NANQSN10_4G,NA_QLU_CAU_GIAT_2_4G,NANQSN10,4G
NANQSN11_4G,NA_QLU_QUYNH_LAM_4_4G,NANQSN11,4G
NANQSN12_4G,NA_QLU_QUYNH_MY_2_4G,NANQSN12,4G
NANQTG01_4G,NA_QLU_BAC_THANG_4G,NANQTG01,4G
NANQTG02_4G,NA_QLU_QUYNH_THANG_4G,NANQTG02,4G
NANQTG03_4G,NA_QLU_QUYNH_THANG_2_4G,NANQTG03,4G
NANQTG04_4G,NA_QLU_QUYNH_THANG_3_4G,NANQTG04,4G
NANQTH01_4G,NA_YTH_NAM_THANH_4G,NANQTH01,4G
NANQTH02_4G,NA_YTH_XUAN_THANH_4G,NANQTH02,4G
NANQTH03_4G,NA_YTH_XUAN_THANH_2_4G,NANQTH03,4G
NANQTH04_4G,NA_YTH_TRUNG_THANH_4G,NANQTH04,4G
NANQTH07_4G,NA_YTH_BAC_THANH_4G,NANQTH07,4G
NANQTM01_4G,NA_QLU_QUYNH_CHAU_2_4G,NANQTM01,4G
NANQTM02_4G,NA_QLU_QUYNH_TAM_2_4G,NANQTM02,4G
NANQTM03_4G,NA_QLU_QUYNH_CHAU_4G,NANQTM03,4G
NANQTM04_4G,NA_QLU_QUYNH_TAM_4G,NANQTM04,4G
NANQTM05_4G,NA_QLU_TAN_SON_4G,NANQTM05,4G
NANQVN01_4G,NA_QLU_QUYNH_TAN_4G,NANQVN01,4G
NANQVN02_4G,NA_QLU_QUYNH_THACH_4G,NANQVN02,4G
NANQVN03_4G,NA_QLU_QUYNH_THANH_2_4G,NANQVN03,4G
NANQVN04_4G,NA_QLU_QUYNH_VAN_4G,NANQVN04,4G
NANQVN05_4G,NA_QLU_QUYNH_VAN_4_4G,NANQVN05,4G
NANQVN06_4G,NA_QLU_QUYNH_VAN_5_4G,NANQVN06,4G
NANQVN07_4G,NA_QLU_QUYNH_TAN_2_4G,NANQVN07,4G
NANQVN08_4G,NA_QLU_QUYNH_TAN_3_4G,NANQVN08,4G
NANQVN09_4G,NA_QLU_QUYNH_TAN_4_4G,NANQVN09,4G
NANQVN10_4G,NA_QLU_QUYNH_TAN_5_4G,NANQVN10,4G
NANTAN01_4G,NA_TKY_NGHIA_PHUC_4G,NANTAN01,4G
NANTAN02_4G,NA_TKY_TAN_AN_4G,NANTAN02,4G
NANTBT01_4G,NA_ASN_BINH_SON_4G,NANTBT01,4G
NANTBT02_4G,NA_ASN_THANH_SON_4G,NANTBT02,4G
NANTCU01_4G,NA_DCU_DIEN_LOC_4G,NANTCU01,4G
NANTCU02_4G,NA_DCU_DIEN_LOI_4G,NANTCU02,4G
NANTCU03_4G,NA_DCU_DIEN_PHU_4G,NANTCU03,4G
NANTCU04_4G,NA_DCU_DIEN_THANG_2_4G,NANTCU04,4G
NANTCU05_4G,NA_DCU_DIEN_THO_4G,NANTCU05,4G
NANTCU06_4G,NA_DCU_DIEN_THO_2_4G,NANTCU06,4G
NANTCU07_4G,NA_DCU_DIEN_LOC_2_4G,NANTCU07,4G
NANTCU08_4G,NA_DCU_DIEN_PHU_2_4G,NANTCU08,4G
NANTDG01_4G,NA_TCG_THANH_MY_4G,NANTDG01,4G
NANTDG02_4G,NA_TCG_THANH_LINH_3_4G,NANTDG02,4G
NANTDG03_4G,NA_TCG_CHO_GIANG_4G,NANTDG03,4G
NANTDG04_4G,NA_TCG_THANH_MY_2_4G,NANTDG04,4G
NANTDG05_4G,NA_TCG_THANH_LIEN_3_4G,NANTDG05,4G
NANTDG06_4G,NA_TCG_TRAI_6_4G,NANTDG06,4G
NANTDO01_4G,NA_TKY_DONG_VAN_4G,NANTDO01,4G
NANTDO02_4G,NA_TKY_DONG_VAN_2_4G,NANTDO02,4G
NANTDO03_4G,NA_TKY_TIEN_KY_4G,NANTDO03,4G
NANTDU01_4G,NA_TDG_TUONG_DUONG_4G,NANTDU01,4G
NANTHA01_4G,NA_THA_HIEU_HOA_4G,NANTHA01,4G
NANTHA02_4G,NA_THA_QUANG_PHONG_4G,NANTHA02,4G
NANTHA03_4G,NA_THA_THAI_HOA_PT_4G,NANTHA03,4G
NANTHA04_4G,NA_THA_DONG_TAM_4G,NANTHA04,4G
NANTHA05_4G,NA_THA_LANG_VAC_4G,NANTHA05,4G
NANTHA06_4G,NA_THA_LONG_SON_4G,NANTHA06,4G
NANTHA07_4G,NA_THA_NGHIA_HOA_4G,NANTHA07,4G
NANTHA08_4G,NA_THA_HOA_HIEU_2_4G,NANTHA08,4G
NANTHP01_4G,NA_QHP_DONG_HOP_4G,NANTHP01,4G
NANTHP02_4G,NA_QHP_NGHIA_XUAN_4G,NANTHP02,4G
NANTHP03_4G,NA_QHP_NGHIA_XUAN_2_4G,NANTHP03,4G
NANTHP04_4G,NA_QHP_NMD_QUY_HOP_4G,NANTHP04,4G
NANTHP05_4G,NA_QHP_TAM_HOP_4G,NANTHP05,4G
NANTHP06_4G,NA_QHP_TAM_HOP_2_4G,NANTHP06,4G
NANTHP07_4G,NA_QHP_DONG_HOP_2_4G,NANTHP07,4G
NANTHP08_4G,NA_QHP_QUAN_DINH_4G,NANTHP08,4G
NANTHU01_4G,NA_THA_TAY_HIEU_2_4G,NANTHU01,4G
NANTHU02_4G,NA_THA_NGHIA_QUANG_4G,NANTHU02,4G
NANTHU03_4G,NA_THA_TAY_HIEU_4G,NANTHU03,4G
NANTKY01_4G,NA_TKY_KY_SON_4G,NANTKY01,4G
NANTKY02_4G,NA_TKY_KY_TAN_4G,NANTKY02,4G
NANTKY03_4G,NA_TKY_KY_TAN_2_4G,NANTKY03,4G
NANTKY04_4G,NA_TKY_NGHIA_DUNG_4G,NANTKY04,4G
NANTKY05_4G,NA_TKY_TAN_KY_4G,NANTKY05,4G
NANTKY06_4G,NA_TKY_TAN_KY_4_4G,NANTKY06,4G
NANTKY07_4G,NA_TKY_TAN_LONG_4G,NANTKY07,4G
NANTKY08_4G,NA_TKY_TAN_KY_3_4G,NANTKY08,4G
NANTLC01_4G,NA_NLC_CN_NAM_CAM_4G,NANTLC01,4G
NANTLC02_4G,NA_NLC_CN_NAM_CAM_2_4G,NANTLC02,4G
NANTLC03_4G,NA_NLC_NGHI_LONG_4G,NANTLC03,4G
NANTLC04_4G,NA_NLC_NGHI_QUANG_4G,NANTLC04,4G
NANTLC05_4G,NA_NLC_NGHI_THIET_4G,NANTLC05,4G
NANTLC06_4G,NA_NLC_NGHI_THUAN_2_4G,NANTLC06,4G
NANTLC07_4G,NA_NLC_NGHI_XA_4G,NANTLC07,4G
NANTLC08_4G,NA_NLC_NGHI_LONG_3_4G,NANTLC08,4G
NANTLC09_4G,NA_NLC_KCN_WHA_NAN_PSDT_1_4G,NANTLC09,4G
NANTLC10_4G,NA_NLC_KCN_NAM_CAM_PSDT_1_01R_4G,NANTLC10,4G
NANTLC11_4G,NA_NLC_KCN_NAM_CAM_PSDT_2_4G,NANTLC11,4G
NANTLC12_4G,NA_NLC_NGHI_LONG_4_4G,NANTLC12,4G
NANTLE01_4G,NA_QPG_TRI_LE_4G,NANTLE01,4G
NANTLH01_4G,NA_NLC_NGHI_HUNG_2_4G,NANTLH01,4G
NANTLH02_4G,NA_NLC_NGHI_HUNG_4G,NANTLH02,4G
NANTLH03_4G,NA_NLC_NGHI_PHUONG_4G,NANTLH03,4G
NANTLH04_4G,NA_NLC_NGHI_PHUONG_2_4G,NANTLH04,4G
NANTLH05_4G,NA_NLC_NGHI_THUAN_4G,NANTLH05,4G
NANTLH06_4G,NA_NLC_TRAI_GAO_4G,NANTLH06,4G
NANTLH07_4G,NA_NLC_KCN_WHA2_1_4G,NANTLH07,4G
NANTLH10_4G,NA_NLC_FUWING_A6_4G,NANTLH10,4G
NANTLH11_4G,NA_NLC_FUWING_F2_4G,NANTLH11,4G
NANTMI01_4G,NA_HMA_QUYNH_LAP_4G,NANTMI01,4G
NANTMI02_4G,NA_HMA_QUYNH_LOC_3_4G,NANTMI02,4G
NANTMI04_4G,NA_HMA_QUYNH_LAP_4_4G,NANTMI04,4G
NANTMI05_4G,NA_HMA_QUYNH_LOC_4G,NANTMI05,4G
NANTMI06_4G,NA_HMA_QUYNH_LOC_2_4G,NANTMI06,4G
NANTMI07_4G,NA_HMA_QUYNH_PHUONG_2_4G,NANTMI07,4G
NANTMI08_4G,NA_HMA_CN_HOANG_MAI_2_4G,NANTMI08,4G
NANTMI09_4G,NA_QLU_QUYNH_LAP_2_4G,NANTMI09,4G
NANTNN01_4G,NA_NDN_DONG_DAI_4G,NANTNN01,4G
NANTNN02_4G,NA_NDN_KHANH_SON_4G,NANTNN02,4G
NANTNN03_4G,NA_NDN_KHANH_SON_2_4G,NANTNN03,4G
NANTNN04_4G,NA_NDN_NAM_PHUC_4G,NANTNN04,4G
NANTNN05_4G,NA_NDN_NAM_TRUNG_4G,NANTNN05,4G
NANTNN06_4G,NA_NDN_NAM_PHUC_2_4G,NANTNN06,4G
NANTNN07_4G,NA_NDN_NAM_TRUNG_2_4G,NANTNN07,4G
NANTPG01_4G,NA_QPG_DONG_VAN_3_4G,NANTPG01,4G
NANTPG02_4G,NA_QPG_PHU_PHUONG_4G,NANTPG02,4G
NANTPG03_4G,NA_QPG_PHU_PHUONG_2_4G,NANTPG03,4G
NANTPU01_4G,NA_TKY_TAN_KY_2_4G,NANTPU01,4G
NANTPU02_4G,NA_TKY_TAN_PHU_4G,NANTPU02,4G
NANTPU03_4G,NA_TKY_TAN_PHU_2_4G,NANTPU03,4G
NANTPU04_4G,NA_TKY_TAN_XUAN_4G,NANTPU04,4G
NANTQG01_4G,NA_TDG_BAN_VE_2_4G,NANTQG01,4G
NANTQG02_4G,NA_TDG_TAM_QUANG_4G,NANTQG02,4G
NANTQG03_4G,NA_TDG_TAM_QUANG_2_4G,NANTQG03,4G
NANTTG01_4G,NA_DLG_XUAN_SON_4G,NANTTG01,4G
NANTTG02_4G,NA_DLG_MINH_SON_4G,NANTTG02,4G
NANTTG03_4G,NA_DLG_NHAN_SON_4G,NANTTG03,4G
NANTTG04_4G,NA_DLG_THUAN_SON_3_4G,NANTTG04,4G
NANTTG05_4G,NA_DLG_TRUNG_SON_4G,NANTTG05,4G
NANTTG06_4G,NA_DLG_THUAN_SON_4G,NANTTG06,4G
NANTTG07_4G,NA_DLG_LAC_SON_3_4G,NANTTG07,4G
NANTTG08_4G,NA_DLG_THUAN_SON_2_4G,NANTTG08,4G
NANTTU01_4G,NA_QPG_DONG_VAN_2_4G,NANTTU01,4G
NANTVH01_4G,NA_VIH_HUNG_BINH_4G,NANTVH01,4G
NANTVH02_4G,NA_VIH_NGUYEN_SY_SACH_2_4G,NANTVH02,4G
NANTVH03_4G,NA_HNN_HUNG_THINH_2_4G,NANTVH03,4G
NANTVH04_4G,NA_VIH_AN_DUONG_VUONG_4G,NANTVH04,4G
NANTVH05_4G,NA_VIH_BEN_THUY_4G,NANTVH05,4G
NANTVH06_4G,NA_VIH_BV_VINH_4G,NANTVH06,4G
NANTVH07_4G,NA_VIH_CHO_VINH_4G,NANTVH07,4G
NANTVH08_4G,NA_VIH_DAI_LO_3_2_4G,NANTVH08,4G
NANTVH09_4G,NA_VIH_DHSP_VINH_4G,NANTVH09,4G
NANTVH10_4G,NA_VIH_HUNG_HOA_4G,NANTVH10,4G
NANTVH11_4G,NA_VIH_HUNG_PHUC_4G,NANTVH11,4G
NANTVH12_4G,NA_VIH_KS_AMAZON_4G,NANTVH12,4G
NANTVH13_4G,NA_VIH_KS_PHUONG_DONG_4G,NANTVH13,4G
NANTVH14_4G,NA_VIH_NGO_DUC_KE_4G,NANTVH14,4G
NANTVH15_4G,NA_VIH_NUI_QUYET_4G,NANTVH15,4G
NANTVH16_4G,NA_VIH_PHAM_KINH_VY_4G,NANTVH16,4G
NANTVH17_4G,NA_VIH_PHONG_DINH_CANG_4G,NANTVH17,4G
NANTVH18_4G,NA_VIH_PHUNG_CHI_KIEN_4G,NANTVH18,4G
NANTVH19_4G,NA_VIH_PHUONG_HOANG_4G,NANTVH19,4G
NANTVH20_4G,NA_VIH_PHUONG_HOANG_2_4G,NANTVH20,4G
NANTVH21_4G,NA_VIH_SU_PHAM_KY_THUAT_2_4G,NANTVH21,4G
NANTVH22_4G,NA_VIH_TECCO_TRUONG_THI_4G,NANTVH22,4G
NANTVH23_4G,NA_VIH_TRAN_PHU_4G,NANTVH23,4G
NANTVH24_4G,NA_VIH_TRUNG_DO_4G,NANTVH24,4G
NANTVH25_4G,NA_VIH_TRUNG_DO_2_4G,NANTVH25,4G
NANTVH26_4G,NA_VIH_TRUONG_THI_4G,NANTVH26,4G
NANTVH27_4G,NA_VIH_CHO_VINH_3_4G,NANTVH27,4G
NANTVH28_4G,NA_VIH_DUY_TAN_4G,NANTVH28,4G
NANTVH29_4G,NA_VIH_HA_HUY_TAP_4_4G,NANTVH29,4G
NANTVH30_4G,NA_VIH_HOANG_THI_LOAN_4G,NANTVH30,4G
NANTVH31_4G,NA_VIH_HUNG_DUNG_4G,NANTVH31,4G
NANTVH32_4G,NA_VIH_PHONG_DINH_CANG_3_4G,NANTVH32,4G
NANTVH33_4G,NA_VIH_SARA_VINH_4G,NANTVH33,4G
NANTVH34_4G,NA_VIH_VINH_TAN_4G,NANTVH34,4G
NANTVH35_4G,NA_VIH_NGUYEN_VAN_CU_2_4G,NANTVH35,4G
NANTVH36_4G,NA_VIH_KS_AMAZON_CRAN_4G,NANTVH36,4G
NANTVH37_4G,NA_VIH_CC_CUA_TIEN_4G,NANTVH37,4G
NANTVH38_4G,NA_VIH_NGUYEN_DU_4G,NANTVH38,4G
NANTVH39_4G,NA_VIH_CC_ECOPARK_IBC_4G,NANTVH39,4G
NANTVH40_4G,NA_VIH_HUNG_HOA_3_4G,NANTVH40,4G
NANTVH41_4G,NA_VIH_DH_Y_KHOA_4G,NANTVH41,4G
NANTVH44_4G,NA_VIH_BV_SAN_NHI_4G,NANTVH44,4G
NANTVI01_4G,NA_VIH_MINH_KHAI_4G,NANTVI01,4G
NANTVI02_4G,NA_VIH_NGUYEN_VAN_CU_4G,NANTVI02,4G
NANTVI03_4G,NA_VIH_NGUYEN_SINH_SAC_4G,NANTVI03,4G
NANTVI04_4G,NA_VIH_CAU_DUOC_4G,NANTVI04,4G
NANTVI05_4G,NA_VIH_BX_VINH_4G,NANTVI05,4G
NANTVI06_4G,NA_VIH_CN_DONG_VINH_4G,NANTVI06,4G
NANTVI07_4G,NA_VIH_GA_VINH_4G,NANTVI07,4G
NANTVI08_4G,NA_VIH_HUNG_BINH_2_4G,NANTVI08,4G
NANTVI09_4G,NA_VIH_HUNG_BINH_3_4G,NANTVI09,4G
NANTVI10_4G,NA_VIH_KS_THUONG_MAI_4G,NANTVI10,4G
NANTVI11_4G,NA_VIH_LE_HONG_PHONG_4G,NANTVI11,4G
NANTVI12_4G,NA_VIH_NGUYEN_SY_SACH_3_4G,NANTVI12,4G
NANTVI13_4G,NA_VIH_NGUYEN_THAI_HOC_4G,NANTVI13,4G
NANTVI14_4G,NA_VIH_NGUYEN_TRUONG_TO_4G,NANTVI14,4G
NANTVI15_4G,NA_VIH_SVD_VINH_4G,NANTVI15,4G
NANTVI16_4G,NA_VIH_TOA_NHA_TECO_4G,NANTVI16,4G
NANTVI17_4G,NA_VIH_VINH_VTN_4G,NANTVI17,4G
NANTVI18_4G,NA_VIH_CUA_NAM_4G,NANTVI18,4G
NANTVI19_4G,NA_VIH_DEN_ONG_HOANG_MUOI_4G,NANTVI19,4G
NANTVI20_4G,NA_VIH_GA_VINH_01R_4G,NANTVI20,4G
NANTVI22_4G,NA_VIH_LE_MAO_4G,NANTVI22,4G
NANTVI23_4G,NA_VIH_TRUONG_CHINH_4G,NANTVI23,4G
NANTVI24_4G,NA_VIH_UBND_NGHE_AN_IBC_4G,NANTVI24,4G
NANTVI25_4G,NA_VIH_KS_THUONG_MAI_01R_4G,NANTVI25,4G
NANTVI26_4G,NA_VIH_HUNG_CHINH_4G,NANTVI26,4G
NANTVI27_4G,NA_VIH_DONG_VINH_4G,NANTVI27,4G
NANTVI28_4G,NA_VIH_KDT_NAM_LE_LOI_4G,NANTVI28,4G
NANVAN01_4G,NA_NDN_NAM_DAN_4G,NANVAN01,4G
NANVAN02_4G,NA_NDN_NAM_DAN_2_4G,NANVAN02,4G
NANVAN03_4G,NA_NDN_NAM_LOC_4G,NANVAN03,4G
NANVAN04_4G,NA_NDN_NAM_TAN_4G,NANVAN04,4G
NANVAN05_4G,NA_NDN_VAN_DIEN_4G,NANVAN05,4G
NANVAN06_4G,NA_NDN_VAN_DIEN_2_4G,NANVAN06,4G
NANVAN07_4G,NA_NDN_TT_NAM_DAN_4G,NANVAN07,4G
NANVAN08_4G,NA_NDN_XUAN_HOA_3_4G,NANVAN08,4G
NANVAN09_4G,NA_NDN_CA_NAM_DAN_4G,NANVAN09,4G
NANVDU01_4G,NA_YTH_DAI_THANH_4G,NANVDU01,4G
NANVDU02_4G,NA_YTH_MINH_THANH_4G,NANVDU02,4G
NANVDU03_4G,NA_YTH_TAY_THANH_4G,NANVDU03,4G
NANVDU04_4G,NA_YTH_THINH_THANH_4G,NANVDU04,4G
NANVHG01_4G,NA_NLC_NGHI_LIEN_4G,NANVHG01,4G
NANVHG02_4G,NA_VIH_BV_GIAO_THONG_4G,NANVHG02,4G
NANVHG03_4G,NA_VIH_CN_BAC_VINH_4G,NANVHG03,4G
NANVHG04_4G,NA_VIH_DANG_THAI_MAI_4G,NANVHG04,4G
NANVHG05_4G,NA_VIH_HUNG_DONG_2_4G,NANVHG05,4G
NANVHG06_4G,NA_VIH_NGHI_KIM_4G,NANVHG06,4G
NANVHG07_4G,NA_VIH_NGHI_KIM_3_4G,NANVHG07,4G
NANVHG08_4G,NA_VIH_NGUYEN_CANH_HOAN_4G,NANVHG08,4G
NANVHG09_4G,NA_VIH_QUAN_BAU_4G,NANVHG09,4G
NANVHG10_4G,NA_VIH_BUI_DUONG_LICH_4G,NANVHG10,4G
NANVHG11_4G,NA_VIH_HUNG_DONG_5_4G,NANVHG11,4G
NANVHG12_4G,NA_VIH_NGHI_KIM_4_4G,NANVHG12,4G
NANVHG13_4G,NA_VIH_SAN_BAY_VINH_4G,NANVHG13,4G
NANVHN01_4G,NA_DLG_QUANG_SON_4G,NANVHN01,4G
NANVHN02_4G,NA_DLG_HOA_SON_4G,NANVHN02,4G
NANVHN03_4G,NA_DLG_THAI_SON_4G,NANVHN03,4G
NANVHN04_4G,NA_DLG_THUONG_SON_4G,NANVHN04,4G
NANVHN05_4G,NA_DLG_THUONG_SON_2_4G,NANVHN05,4G
NANVKU01_4G,NA_NLC_NGHI_KIEU_4G,NANVKU01,4G
NANVKU02_4G,NA_NLC_NGHI_KIEU_2_4G,NANVKU02,4G
NANVKU03_4G,NA_NLC_NGHI_KIEU_3_4G,NANVKU03,4G
NANVKU04_4G,NA_NLC_NGHI_VAN_4G,NANVKU04,4G
NANVKU05_4G,NA_NLC_NGHI_VAN_3_4G,NANVKU05,4G
NANVKU06_4G,NA_NLC_NGHI_KIEU_4_4G,NANVKU06,4G
NANVKU07_4G,NA_NLC_NGHI_VAN_4_4G,NANVKU07,4G
NANVLC01_4G,NA_VIH_HAI_THUONG_LAN_ONG_4G,NANVLC01,4G
NANVLC02_4G,NA_NLC_NGHI_PHONG_4G,NANVLC02,4G
NANVLC03_4G,NA_NLC_NGHI_THAI_4G,NANVLC03,4G
NANVLC04_4G,NA_NLC_NGHI_THAI_2_4G,NANVLC04,4G
NANVLC05_4G,NA_NLC_NGHI_XUAN_4G,NANVLC05,4G
NANVLC06_4G,NA_VIH_CDSP_VINH_4G,NANVLC06,4G
NANVLC07_4G,NA_VIH_HUNG_LOC_2_4G,NANVLC07,4G
NANVLC08_4G,NA_VIH_NGUYEN_SY_SACH_4G,NANVLC08,4G
NANVLC09_4G,NA_NLC_TRAM_CHIM_4G,NANVLC09,4G
NANVLC10_4G,NA_VIH_HUNG_LOC_4G,NANVLC10,4G
NANVLC11_4G,NA_VIH_HUNG_LOC_4_4G,NANVLC11,4G
NANVLC12_4G,NA_VIH_LE_VIET_THUAT_4G,NANVLC12,4G
NANVLC14_4G,NA_VIH_NGHI_DUC_3_4G,NANVLC14,4G
NANVPU01_4G,NA_NLC_NGHI_AN_4G,NANVPU01,4G
NANVPU02_4G,NA_NLC_NGHI_DUC_4G,NANVPU02,4G
NANVPU03_4G,NA_VIH_BV_DA_KHOA_NGHE_AN_4G,NANVPU03,4G
NANVPU04_4G,NA_VIH_DH_KINH_TE_4G,NANVPU04,4G
NANVPU05_4G,NA_VIH_LE_NIN_4G,NANVPU05,4G
NANVPU06_4G,NA_VIH_NGHI_PHU_4G,NANVPU06,4G
NANVPU07_4G,NA_VIH_NGUYEN_TRAI_4G,NANVPU07,4G
NANVPU08_4G,NA_VIH_PHAN_CANH_HOAN_4G,NANVPU08,4G
NANVPU09_4G,NA_NLC_NGHI_DUC_2_4G,NANVPU09,4G
NANVPU10_4G,NA_VIH_BV_QUOC_TE_4G,NANVPU10,4G
NANVPU11_4G,NA_VIH_HA_HUY_TAP_4G,NANVPU11,4G
NANVPU12_4G,NA_VIH_QUAN_BANH_4G,NANVPU12,4G
NANVPU13_4G,NA_VIH_TRUONG_VAN_LINH_4G,NANVPU13,4G
NANVPU14_4G,NA_VIH_TUE_TINH_4G,NANVPU14,4G
NANVPU15_4G,NA_VIH_BV_115_4G,NANVPU15,4G
NANVPU16_4G,NA_VIH_KDT_ECOPARK_4G,NANVPU16,4G
NANVPU17_4G,NA_VIH_PHONG_CSGT_4G,NANVPU17,4G
NANVPU21_4G,NA_VIH_HUYNDAI_VINH_4G,NANVPU21,4G
NANVTG01_4G,NA_ASN_HOA_SON_4G,NANVTG01,4G
NANVTG02_4G,NA_ASN_HOI_SON_2_4G,NANVTG02,4G
NANVTG03_4G,NA_ASN_TUONG_SON_4G,NANVTG03,4G
NANVTG04_4G,NA_ASN_HOI_SON_3_4G,NANVTG04,4G
NANVTU01_4G,NA_YTH_YEN_THANH_2_4G,NANVTU01,4G
NANVTU02_4G,NA_YTH_BAO_THANH_4G,NANVTU02,4G
NANVTU03_4G,NA_YTH_KHANH_THANH_2_4G,NANVTU03,4G
NANVTU04_4G,NA_YTH_LY_THANH_4G,NANVTU04,4G
NANVTU05_4G,NA_YTH_MY_THANH_4G,NANVTU05,4G
NANVTU06_4G,NA_YTH_LIEN_THANH_2_4G,NANVTU06,4G
NANXLM01_4G,NA_TCG_THANH_YEN_4G,NANXLM01,4G
NANXLM02_4G,NA_TCG_CHO_CON_4G,NANXLM02,4G
NANXLM03_4G,NA_TCG_NGOC_SON_3_4G,NANXLM03,4G
NANXLM04_4G,NA_TCG_XUAN_TUONG_4G,NANXLM04,4G
NANXLM05_4G,NA_TCG_NGOC_SON_2_4G,NANXLM05,4G
NANYHA01_4G,NA_TDG_YEN_HOA_4G,NANYHA01,4G
NANYHA02_4G,NA_TDG_YEN_HOA_2_4G,NANYHA02,4G
NANYNA01_4G,NA_TDG_YEN_NA_4G,NANYNA01,4G
NANYNA02_4G,NA_TDG_YEN_TINH_4G,NANYNA02,4G
NANYNA03_4G,NA_TDG_YEN_NA_2_4G,NANYNA03,4G
NANYTG01_4G,NA_HNN_HUNG_YEN_4G,NANYTG01,4G
NANYTG02_4G,NA_NLC_NGHI_DONG_4G,NANYTG02,4G
NANYTG03_4G,NA_HNN_HUNG_YEN_2_4G,NANYTG03,4G
NANYTG04_4G,NA_NLC_NGHI_DONG_CRAN_4G,NANYTG04,4G
NANYTH01_4G,NA_YTH_VAN_THANH_4G,NANYTH01,4G
NANYTH02_4G,NA_YTH_HOA_THANH_4G,NANYTH02,4G
NANYTH03_4G,NA_YTH_HOP_THANH_4G,NANYTH03,4G
NANYTH04_4G,NA_YTH_NHAN_THANH_4G,NANYTH04,4G
NANYTH05_4G,NA_YTH_TANG_THANH_4G,NANYTH05,4G
NANYTH06_4G,NA_YTH_YEN_THANH_4G,NANYTH06,4G
NANYTH07_4G,NA_YTH_TT_YEN_THANH_4G,NANYTH07,4G
NANYTH08_4G,NA_YTH_YEN_THANH_5_4G,NANYTH08,4G
NANYTH09_4G,NA_YTH_TANG_THANH_2_4G,NANYTH09,4G
NANYTH10_4G,NA_YTH_YEN_THANH_3_4G,NANYTH10,4G
NANYXN01_4G,NA_ASN_CAO_SON_4G,NANYXN01,4G
NANYXN02_4G,NA_ASN_KHAI_SON_4G,NANYXN02,4G
NANYXN03_4G,NA_ASN_KHAI_SON_2_4G,NANYXN03,4G
NANYXN04_4G,NA_ASN_LINH_SON_4G,NANYXN04,4G
NANYXN05_4G,NA_ASN_LONG_SON_4G,NANYXN05,4G
NANYXN06_4G,NA_ASN_CAO_SON_2_4G,NANYXN06,4G
NANYXN07_4G,NA_ASN_CAO_SON_3_4G,NANYXN07,4G
NANYXN08_4G,NA_ASN_LINH_SON_2_4G,NANYXN08,4G
NANACU01,NA_DCU_DIEN_AN,NANACU01,3G
NANACU02,NA_DCU_DIEN_BINH,NANACU02,3G
NANACU03,NA_DCU_DIEN_CHAU_2,NANACU03,3G
NANACU04,NA_DCU_DIEN_THINH,NANACU04,3G
NANACU05,NA_DCU_DIEN_TRUNG,NANACU05,3G
NANASD01,NA_ASN_LANG_SON_2,NANASD01,3G
NANASD02,NA_ASN_VINH_SON,NANASD02,3G
NANASD03,NA_ASN_TAO_SON,NANASD03,3G
NANASN09,NA_ASN_ANH_SON_2,NANASN09,3G
NANASN10,NA_ASN_DUC_SON,NANASN10,3G
NANASN11,NA_ASN_PHUC_SON,NANASN11,3G
NANBCN01,NA_CCG_BINH_CHUAN,NANBCN01,3G
NANBHA01,NA_DLG_DAI_SON_3,NANBHA01,3G
NANBHA02,NA_DLG_DAI_SON,NANBHA02,3G
NANBHA03,NA_DLG_HIEN_SON,NANBHA03,3G
NANBHA04,NA_DLG_MY_SON,NANBHA04,3G
NANBHA05,NA_DLG_MY_SON_2,NANBHA05,3G
NANBHA06,NA_DLG_TRU_SON,NANBHA06,3G
NANBHO01,NA_TCG_THANH_XUAN_2,NANBHO01,3G
NANBHO02,NA_TCG_THANH_GIANG,NANBHO02,3G
NANBMH02,NA_YTH_DUC_THANH,NANBMH02,3G
NANBMH03,NA_YTH_MA_THANH,NANBMH03,3G
NANBMH04,NA_YTH_MA_THANH_2,NANBMH04,3G
NANBMH05,NA_YTH_YEN_THANH_4,NANBMH05,3G
NANBNC01,NA_DLG_GIANG_SON_2,NANBNC01,3G
NANBNC02,NA_DLG_GIANG_SON,NANBNC02,3G
NANBNC03,NA_DLG_BOI_SON,NANBNC03,3G
NANBNC04,NA_DLG_LAM_SON,NANBNC04,3G
NANBNC05,NA_DLG_VINH_LOC_2,NANBNC05,3G
NANCBH01,NA_QCU_CHAU_BINH,NANCBH01,3G
NANCBH02,NA_QCU_CHAU_BINH_2,NANCBH02,3G
NANCBH03,NA_QCU_CHAU_NGA,NANCBH03,3G
NANCCG01,NA_CCG_CON_CUONG,NANCCG01,3G
NANCCG02,NA_CCG_CON_CUONG_4,NANCCG02,3G
NANCCG04,NA_CCG_PU_MAT_2,NANCCG04,3G
NANCCG06,NA_CCG_BONG_KHE,NANCCG06,3G
NANCCG07,NA_CCG_CHI_KHE,NANCCG07,3G
NANCCG08,NA_CCG_CON_CUONG_2,NANCCG08,3G
NANCHG01,NA_QHP_MT_QUY_HOP,NANCHG01,3G
NANCHG02,NA_QHP_CHAU_TIEN,NANCHG02,3G
NANCLC01,NA_QHP_CHAU_LOC,NANCLC01,3G
NANCLO01,NA_CLO_NGHI_HAI,NANCLO01,3G
NANCLO02,NA_CLO_CUA_LO_2,NANCLO02,3G
NANCLO03,NA_CLO_BINH_MINH,NANCLO03,3G
NANCLO04,NA_CLO_CUA_LO_3,NANCLO04,3G
NANCLO05,NA_CLO_CUA_LO_4,NANCLO05,3G
NANCLO06,NA_CLO_NGHI_HUONG,NANCLO06,3G
NANCLO07,NA_CLO_NGHI_HUONG_3,NANCLO07,3G
NANCLO08,NA_CLO_CUA_HOI,NANCLO08,3G
NANCLO09,NA_CLO_CUA_LO,NANCLO09,3G
NANCLO10,NA_CLO_HAI_BANG,NANCLO10,3G
NANCLO11,NA_CLO_NGHI_HUONG_2,NANCLO11,3G
NANCLO12,NA_CLO_NGHI_TAN,NANCLO12,3G
NANCLO13,NA_CLO_NGHI_THU_2,NANCLO13,3G
NANCLO14,NA_CLO_NGUYEN_SINH_CUNG,NANCLO14,3G
NANCLO15,NA_CLO_NGUYEN_THUC_TU,NANCLO15,3G
NANCLO16,NA_CLO_VICOM_CUA_HOI,NANCLO16,3G
NANCNN01,NA_TCG_PHONG_THINH,NANCNN01,3G
NANCNN02,NA_TCG_CAT_VAN,NANCNN02,3G
NANCNN03,NA_TCG_THANH_HOA,NANCNN03,3G
NANCTN01,NA_QCU_CHAU_BINHS,NANCTN01,3G
NANCTN02,NA_QCU_CHAU_THANG,NANCTN02,3G
NANCTN03,NA_QCU_CHAU_THANG_2,NANCTN03,3G
NANCTN04,NA_QCU_CHAU_THUAN,NANCTN04,3G
NANDCH02,NA_DCU_DIEN_BICH,NANDCH02,3G
NANDCH03,NA_DCU_DIEN_CHAU,NANDCH03,3G
NANDCH04,NA_DCU_DIEN_CHAU_3,NANDCH04,3G
NANDCH05,NA_DCU_DIEN_PHUC,NANDCH05,3G
NANDCH06,NA_DCU_DIEN_THANH,NANDCH06,3G
NANDCH07,NA_DCU_DIEN_HOA,NANDCH07,3G
NANDCH09,NA_DCU_MUONG_THANH,NANDCH09,3G
NANDCU01,NA_DCU_CAU_BUNG,NANDCU01,3G
NANDCU02,NA_DCU_DIEN_HONG,NANDCU02,3G
NANDCU03,NA_DCU_DIEN_KY,NANDCU03,3G
NANDCU04,NA_DCU_DIEN_PHONG,NANDCU04,3G
NANDCU05,NA_DCU_DIEN_VAN,NANDCU05,3G
NANDCU06,NA_DCU_DIEN_KY_2_01R,NANDCU06,3G
NANDDG01,NA_TCG_THANH_DONG,NANDDG01,3G
NANDDG02,NA_TCG_THANH_CHUONG,NANDDG02,3G
NANDDG03,NA_TCG_THANH_CHUONG_2,NANDDG03,3G
NANDDG04,NA_TCG_THANH_CHUONG_3,NANDDG04,3G
NANDDG05,NA_TCG_THANH_HUNG,NANDDG05,3G
NANDDG06,NA_TCG_THANH_LINH,NANDDG06,3G
NANDDG07,NA_TCG_THANH_NGOC,NANDDG07,3G
NANDDG08,NA_TCG_THANH_NGOC_3,NANDDG08,3G
NANDDG09,NA_TCG_THANH_PHONG,NANDDG09,3G
NANDHE01,NA_NDN_NAM_ANH,NANDHE01,3G
NANDHE02,NA_NDN_NAM_ANH_3,NANDHE02,3G
NANDHE04,NA_NDN_XUAN_HOA,NANDHE04,3G
NANDHE05,NA_NDN_NAM_LINH,NANDHE05,3G
NANDHE06,NA_NDN_NAM_THANH_2,NANDHE06,3G
NANDHE09,NA_NDN_NAM_LINH_2,NANDHE09,3G
NANDHU01,NA_NAD_NGHIA_BINH_4,NANDHU01,3G
NANDHU02,NA_NAD_NGHIA_THUAN_2,NANDHU02,3G
NANDHU03,NA_THA_NB_DONG_HIEU,NANDHU03,3G
NANDHU04,NA_THA_NGHIA_MY,NANDHU04,3G
NANDHU05,NA_THA_NGHIA_THUAN,NANDHU05,3G
NANDHU06,NA_THA_NGHIA_THUAN_4,NANDHU06,3G
NANDLC01,NA_NLC_NGHI_LONG_2,NANDLC01,3G
NANDLC02,NA_CLO_NGHI_THACH,NANDLC02,3G
NANDLC03,NA_NLC_NGHI_KHANH,NANDLC03,3G
NANDLC04,NA_NLC_NGHI_THACH,NANDLC04,3G
NANDLC05,NA_NLC_NGHI_THINH,NANDLC05,3G
NANDLC06,NA_NLC_NGHI_TRUONG,NANDLC06,3G
NANDLC07,NA_NLC_NGHI_HOP,NANDLC07,3G
NANDLC08,NA_NLC_NGHI_THINH_01R,NANDLC08,3G
NANDLG01,NA_DLG_DA_SON,NANDLG01,3G
NANDLG03,NA_DLG_DO_LUONG,NANDLG03,3G
NANDLG04,NA_DLG_NAM_SON,NANDLG04,3G
NANDLG07,NA_DLG_LAC_SON_2,NANDLG07,3G
NANDLG08,NA_DLG_TT_DO_LUONG,NANDLG08,3G
NANDLG10,NA_DLG_DANG_SON,NANDLG10,3G
NANDTH01,NA_YTH_DO_THANH,NANDTH01,3G
NANDTH02,NA_YTH_HONG_THANH,NANDTH02,3G
NANDTH03,NA_YTH_THO_THANH,NANDTH03,3G
NANGLC01,NA_YTH_LANG_THANH,NANGLC01,3G
NANGLC02,NA_YTH_HAU_THANH,NANGLC02,3G
NANGLC03,NA_YTH_PHUC_THANH_2,NANGLC03,3G
NANGLC04,NA_YTH_HAU_THANH_2,NANGLC04,3G
NANGLC06,NA_YTH_LANG_THANH_3,NANGLC06,3G
NANGXN01,NA_TKY_GIAI_XUAN,NANGXN01,3G
NANHCH01,NA_DCU_DIEN_HAI_2,NANHCH01,3G
NANHCH02,NA_DCU_DIEN_HAI,NANHCH02,3G
NANHCH03,NA_DCU_DIEN_HOANG_2,NANHCH03,3G
NANHCH04,NA_DCU_DIEN_HUNG,NANHCH04,3G
NANHCH05,NA_DCU_DIEN_KIM,NANHCH05,3G
NANHCH06,NA_DCU_DIEN_MY,NANHCH06,3G
NANHCH07,NA_DCU_DIEN_HOANG,NANHCH07,3G
NANHCH08,NA_DCU_DIEN_HOANG_3,NANHCH08,3G
NANHCN01,NA_QCU_CHAU_PHONG,NANHCN01,3G
NANHCU01,NA_DCU_DIEN_YEN,NANHCU01,3G
NANHCU02,NA_DCU_YEN_LY,NANHCU02,3G
NANHCU03,NA_DCU_DIEN_DOAI_3,NANHCU03,3G
NANHCU04,NA_DCU_DIEN_DOAI,NANHCU04,3G
NANHCU05,NA_DCU_DIEN_DOAI_2,NANHCU05,3G
NANHCU06,NA_DCU_DIEN_LAM,NANHCU06,3G
NANHCU07,NA_DCU_DIEN_LAM_2,NANHCU07,3G
NANHCU08,NA_DCU_DIEN_LAM_6,NANHCU08,3G
NANHCU09,NA_DCU_DIEN_TRUONG,NANHCU09,3G
NANHCU10,NA_DCU_DIEN_LAM_3,NANHCU10,3G
NANHCU11,NA_DCU_MUONG_THANH_DIEN_LAM,NANHCU11,3G
NANHCU14,NA_DCU_DIEN_LAM_7,NANHCU14,3G
NANHKM01,NA_KSN_KY_SON_3,NANHKM01,3G
NANHLC01,NA_NLC_BAI_LU,NANHLC01,3G
NANHLC02,NA_CLO_CANG_CUA_LO,NANHLC02,3G
NANHLC03,NA_NLC_NGHI_LOC,NANHLC03,3G
NANHLC04,NA_NLC_NGHI_THIET_2,NANHLC04,3G
NANHLC05,NA_NLC_CANG_VISSAI,NANHLC05,3G
NANHLC06,NA_NLC_NGHI_TIEN,NANHLC06,3G
NANHLM01,NA_TCG_HANH_LAM,NANHLM01,3G
NANHLM02,NA_TCG_THANH_DUC,NANHLM02,3G
NANHLM03,NA_TCG_THANH_DUC_2,NANHLM03,3G
NANHMH01,NA_YTH_VINH_THANH,NANHMH01,3G
NANHMH02,NA_YTH_BAO_THANH_2,NANHMH02,3G
NANHMH03,NA_YTH_LONG_THANH,NANHMH03,3G
NANHMH04,NA_YTH_SON_THANH,NANHMH04,3G
NANHMH05,NA_YTH_VIEN_THANH,NANHMH05,3G
NANHMH06,NA_YTH_VINH_THANH_2,NANHMH06,3G
NANHMH08,NA_YTH_SON_THANH_2,NANHMH08,3G
NANHMI01,NA_HMA_CN_HOANG_MAI,NANHMI01,3G
NANHMI02,NA_HMA_HOANG_MAI,NANHMI02,3G
NANHMI03,NA_HMA_QUYNH_THIEN,NANHMI03,3G
NANHMI04,NA_HMA_QUYNH_THIEN_2,NANHMI04,3G
NANHMI05,NA_HMA_QUYNH_TRANG,NANHMI05,3G
NANHMI06,NA_HMA_QUYNH_VINH,NANHMI06,3G
NANHMI07,NA_HMA_QUYNH_VINH_4,NANHMI07,3G
NANHMI08,NA_QLU_QUYNH_TRANG_2,NANHMI08,3G
NANHMI09,NA_HMA_QUYNH_VINH_2,NANHMI09,3G
NANHMI10,NA_HMA_QUYNH_VINH_3,NANHMI10,3G
NANHNG01,NA_HNN_HUNG_DAO,NANHNG01,3G
NANHNG02,NA_HNN_HUNG_DONG,NANHNG02,3G
NANHNG03,NA_HNN_HUNG_NGUYEN,NANHNG03,3G
NANHNG04,NA_HNN_HUNG_NGUYEN_2,NANHNG04,3G
NANHNG05,NA_HNN_HUNG_TAY,NANHNG05,3G
NANHNG06,NA_HNN_HUNG_THINH,NANHNG06,3G
NANHNG07,NA_HNN_HUNG_MY,NANHNG07,3G
NANHNG08,NA_HNN_HUNG_NGUYEN_3,NANHNG08,3G
NANHNG12,NA_HNN_KCN_VSIP,NANHNG12,3G
NANHNG13,NA_HNN_KCN_VSIP_NAN_PSDT_2,NANHNG13,3G
NANHNG15,NA_HNN_HUNG_DAO_3,NANHNG15,3G
NANHNN01,NA_HNN_HUNG_TAN,NANHNN01,3G
NANHNN02,NA_HNN_HUNG_LAM,NANHNN02,3G
NANHNN03,NA_HNN_HUNG_LINH,NANHNN03,3G
NANHNN04,NA_HNN_HUNG_LONG,NANHNN04,3G
NANHNN05,NA_HNN_HUNG_XA,NANHNN05,3G
NANHQN01,NA_TCG_THANH_AN_2,NANHQN01,3G
NANHQN02,NA_TCG_CHE_TRUONG_THINH,NANHQN02,3G
NANHQN03,NA_TCG_THANH_AN,NANHQN03,3G
NANHQN05,NA_TCG_THANH_HUG,NANHQN05,3G
NANHQN06,NA_TCG_THANH_KHE_2,NANHQN06,3G
NANKBG01,NA_TCG_THANH_HA_2,NANKBG01,3G
NANKBG02,NA_TCG_VO_LIET,NANKBG02,3G
NANKBG03,NA_TCG_VO_LIET_3,NANKBG03,3G
NANKBG04,NA_TCG_NGOC_LAM,NANKBG04,3G
NANKBG05,NA_TCG_THANH_HA_3,NANKBG05,3G
NANKBG06,NA_TCG_THANH_THUY_2,NANKBG06,3G
NANKLN01,NA_NDN_HONG_LONG,NANKLN01,3G
NANKLN02,NA_NDN_HUNG_TIEN,NANKLN02,3G
NANKLN03,NA_NDN_LANG_SEN,NANKLN03,3G
NANKLN04,NA_NDN_NAM_CAT,NANKLN04,3G
NANKLN05,NA_NDN_NAM_GIANG,NANKLN05,3G
NANKLN06,NA_NDN_XUAN_LAM,NANKLN06,3G
NANKLN07,NA_NDN_NAM_GIANG_2,NANKLN07,3G
NANKLN08,NA_NDN_VAN_HOI,NANKLN08,3G
NANKLN09,NA_NDN_XUAN_LAM_2,NANKLN09,3G
NANKLN10,NA_HNN_HUNG_TAY_2,NANKLN10,3G
NANKLN14,NA_NDN_HUNG_TIEN_2,NANKLN14,3G
NANLMH01,NA_TDG_LUONG_MINH_VTCI,NANLMH01,3G
NANLSN01,NA_DLG_XM_DO_LUONG,NANLSN01,3G
NANLSN02,NA_DLG_DO_LUONG_2,NANLSN02,3G
NANLSN03,NA_DLG_HONG_SON,NANLSN03,3G
NANLSN04,NA_DLG_LAC_SON,NANLSN04,3G
NANLSN06,NA_DLG_TRANG_SON,NANLSN06,3G
NANLSN07,NA_DLG_DONG_SON_2,NANLSN07,3G
NANLTH01,NA_HNN_HUNG_CHAU,NANLTH01,3G
NANLTH02,NA_HNN_HUNG_KHANH,NANLTH02,3G
NANLTH03,NA_HNN_HUNG_LOI,NANLTH03,3G
NANLTH04,NA_HNN_HUNG_NHAN,NANLTH04,3G
NANLTH05,NA_HNN_HUNG_TIEN,NANLTH05,3G
NANLTH06,NA_HNN_HUNG_PHUC,NANLTH06,3G
NANMCG01,NA_QHP_CHAU_LY,NANMCG01,3G
NANMCG03,NA_QHP_NAM_SON_3,NANMCG03,3G
NANMCU01,NA_DCU_DIEN_HANH,NANMCU01,3G
NANMCU02,NA_DCU_DIEN_CAT,NANMCU02,3G
NANMCU03,NA_DCU_DIEN_MINH,NANMCU03,3G
NANMCU04,NA_DCU_DIEN_NGUYEN,NANMCU04,3G
NANMCU05,NA_DCU_DIEN_THANG,NANMCU05,3G
NANMCU06,NA_DCU_MINH_CHAU,NANMCU06,3G
NANMHM01,NA_QHP_CHAU_CUONG_2,NANMHM01,3G
NANMHM02,NA_QHP_CHAU_THAI,NANMHM02,3G
NANMHM03,NA_QHP_CHAU_THAI_2,NANMHM03,3G
NANMHP01,NA_QHP_HA_SON_1,NANMHP01,3G
NANMHP02,NA_QHP_HA_SON_2,NANMHP02,3G
NANMHP03,NA_QHP_MINH_HOP,NANMHP03,3G
NANMHP04,NA_QHP_MINH_HOP_2,NANMHP04,3G
NANMHP05,NA_QHP_MINH_HOP_3,NANMHP05,3G
NANMQG01,NA_QPG_BAN_COC,NANMQG01,3G
NANMSN02,NA_CCG_MON_SON,NANMSN02,3G
NANMTH01,NA_CCG_THACH_NGAN_2,NANMTH01,3G
NANMXN01,NA_KSN_KY_SON,NANMXN01,3G
NANMXN02,NA_KSN_TA_CA,NANMXN02,3G
NANNCN02,NA_KSN_NAM_CAN_2,NANNCN02,3G
NANNDA02,NA_NDN_NAM_NGHIA,NANNDA02,3G
NANNDA03,NA_NDN_NAM_THAI,NANNDA03,3G
NANNDA04,NA_NDN_NAM_THANH,NANNDA04,3G
NANNDA05,NA_NDN_NAM_HUNG_2,NANNDA05,3G
NANNDA06,NA_NDN_NAM_THANH_3,NANNDA06,3G
NANNDG01,NA_TKY_NGHIA_BINH,NANNDG01,3G
NANNDG03,NA_TKY_NGHIA_DONG,NANNDG03,3G
NANNDG04,NA_TKY_NGHIA_DONG_2,NANNDG04,3G
NANNDN01,NA_NAD_NGHIA_BINH,NANNDN01,3G
NANNDN02,NA_NAD_NGHIA_BINH_2,NANNDN02,3G
NANNDN03,NA_NAD_NGHIA_TRUNG,NANNDN03,3G
NANNDN04,NA_NAD_TT_NGHIA_DAN,NANNDN04,3G
NANNDN05,NA_NAD_NGHIA_BINH_3,NANNDN05,3G
NANNDN06,NA_NAD_NGHIA_BINH_5,NANNDN06,3G
NANNHA01,NA_ASN_CAM_SON,NANNHA01,3G
NANNHA02,NA_ASN_DINH_SON,NANNHA02,3G
NANNHA03,NA_ASN_DINH_SON_2,NANNHA03,3G
NANNHA05,NA_ASN_CAM_SON_2,NANNHA05,3G
NANNHG01,NA_NAD_NGHIA_HUNG,NANNHG01,3G
NANNHG02,NA_NAD_NGHIA_LIEN,NANNHG02,3G
NANNHG03,NA_NAD_NGHIA_MAI_2,NANNHG03,3G
NANNHG04,NA_NAD_NGHIA_TAN,NANNHG04,3G
NANNHG05,NA_NAD_NGHIA_TAN_2,NANNHG05,3G
NANNHG06,NA_THA_NGHIA_TIEN,NANNHG06,3G
NANNHH01,NA_TKY_NGHIA_HANH,NANNHH01,3G
NANNHH02,NA_TKY_NGHIA_HANH_3,NANNHH02,3G
NANNHH03,NA_TKY_PHU_SON_2,NANNHH03,3G
NANNHH04,NA_TKY_TAN_HUONG_2,NANNHH04,3G
NANNKH01,NA_NAD_NGHIA_AN,NANNKH01,3G
NANNKH02,NA_NAD_NGHIA_KHANH,NANNKH02,3G
NANNKH03,NA_NAD_NGHIA_KHANH_2,NANNKH03,3G
NANNKH04,NA_NAD_NGHIA_DUC,NANNKH04,3G
NANNLC01,NA_NLC_NGHI_DIEN,NANNLC01,3G
NANNLC02,NA_NLC_NGHI_HOA,NANNLC02,3G
NANNLC03,NA_NLC_NGHI_VANJ,NANNLC03,3G
NANNLC04,NA_NLC_QUAN_HANH,NANNLC04,3G
NANNLC05,NA_NLC_NGHI_TRUNG,NANNLC05,3G
NANNLC06,NA_NLC_NGHI_VAN_2,NANNLC06,3G
NANNLC07,NA_NLC_NGHI_TRUNG_2,NANNLC07,3G
NANNLM01,NA_NAD_NGHIA_LAC,NANNLM01,3G
NANNLM02,NA_NAD_NGHIA_LAC_2,NANNLM02,3G
NANNLM03,NA_NAD_NGHIA_LAM,NANNLM03,3G
NANNLM04,NA_NAD_NGHIA_YEN_2,NANNLM04,3G
NANNLM05,NA_NAD_YEN_TRUNG,NANNLM05,3G
NANNLM06,NA_NAD_NGHIA_LAM_2,NANNLM06,3G
NANNLM07,NA_NAD_NGHIA_YEN,NANNLM07,3G
NANNLO01,NA_NAD_NGHIA_LOC,NANNLO01,3G
NANNLO02,NA_NAD_NGHIA_LOC_2,NANNLO02,3G
NANNLO04,NA_NAD_THO_LOC,NANNLO04,3G
NANNMA01,NA_NAD_NGHIA_HONG,NANNMA01,3G
NANNMA02,NA_NAD_NGHIA_MAI,NANNMA02,3G
NANNMA03,NA_NAD_NGHIA_MINH_2,NANNMA03,3G
NANNMA04,NA_NAD_NGHIA_MINH,NANNMA04,3G
NANNMY01,NA_TDG_XIENG_MY,NANNMY01,3G
NANNMY02,NA_TDG_NGA_MY,NANNMY02,3G
NANNMY03,NA_TDG_XIENG_MY_VTCI,NANNMY03,3G
NANNTO01,NA_NAD_NGHIA_HOI,NANNTO01,3G
NANNTO03,NA_NAD_NGHIA_LOI,NANNTO03,3G
NANNTO04,NA_NAD_NGHIA_LOI_2,NANNTO04,3G
NANNTO05,NA_NAD_NGHIA_THO,NANNTO05,3G
NANPLC01,NA_NLC_NGHI_CONG_BAC,NANPLC01,3G
NANPLC02,NA_NLC_NGHI_CONG_NAM,NANPLC02,3G
NANPLC03,NA_NLC_NGHI_LAM,NANPLC03,3G
NANPLC04,NA_NLC_NGHI_MY,NANPLC04,3G
NANPLC05,NA_NLC_NGHI_MY_2,NANPLC05,3G
NANPLC06,NA_NLC_NGHI_MY_3,NANPLC06,3G
NANPLC08,NA_NLC_NGHI_LAM_2,NANPLC08,3G
NANPLC09,NA_NLC_NGHI_CONG_NAM_3,NANPLC09,3G
NANQAH01,NA_QLU_QUYNH_YEN,NANQAH01,3G
NANQAH02,NA_QLU_QUYNH_BANG,NANQAH02,3G
NANQAH03,NA_QLU_QUYNH_LUONG,NANQAH03,3G
NANQAH04,NA_QLU_QUYNH_THANH,NANQAH04,3G
NANQAH05,NA_QLU_QUYNH_THANH_3,NANQAH05,3G
NANQAH07,NA_QLU_QUYNH_DOI,NANQAH07,3G
NANQCH01,NA_DCU_DIEN_DONG,NANQCH01,3G
NANQCH02,NA_DCU_DIEN_LIEN,NANQCH02,3G
NANQCH03,NA_DCU_DIEN_THAI,NANQCH03,3G
NANQCH04,NA_DCU_DIEN_THAP,NANQCH04,3G
NANQCH05,NA_DCU_DIEN_XUAN,NANQCH05,3G
NANQCH06,NA_DCU_DIEN_DONG_01R,NANQCH06,3G
NANQCU01,NA_QCU_CHAU_HANH,NANQCU01,3G
NANQCU02,NA_QCU_CHAU_HOI,NANQCU02,3G
NANQCU03,NA_QCU_QUY_CHAU,NANQCU03,3G
NANQCU04,NA_QCU_QUY_CHAU_2,NANQCU04,3G
NANQDG01,NA_YTH_KIM_THANH,NANQDG01,3G
NANQDG02,NA_YTH_DONG_THANH,NANQDG02,3G
NANQDG03,NA_YTH_DONG_THANH_2,NANQDG03,3G
NANQHP01,NA_QHP_CHAU_QUANG,NANQHP01,3G
NANQHP02,NA_QHP_CHAU_QUANG_2,NANQHP02,3G
NANQHP03,NA_QHP_QUY_HOP,NANQHP03,3G
NANQHP04,NA_QHP_QUY_HOP_2,NANQHP04,3G
NANQHP05,NA_QHP_QUY_HOP_4,NANQHP05,3G
NANQHP06,NA_QHP_QUANG_MINH,NANQHP06,3G
NANQHP07,NA_QHP_THO_HOP,NANQHP07,3G
NANQLU01,NA_QLU_QUYNH_NGOC_2,NANQLU01,3G
NANQLU02,NA_QLU_CAU_GIAT,NANQLU02,3G
NANQLU03,NA_QLU_QUYNH_BA,NANQLU03,3G
NANQLU05,NA_QLU_QUYNH_GIANG,NANQLU05,3G
NANQLU06,NA_QLU_QUYNH_HAU,NANQLU06,3G
NANQLU07,NA_QLU_QUYNH_HAU_2,NANQLU07,3G
NANQLU09,NA_QLU_QUYNH_HUNG,NANQLU09,3G
NANQMI01,NA_HMA_HOANG_MAI_2,NANQMI01,3G
NANQMI02,NA_HMA_MAI_HUNG,NANQMI02,3G
NANQMI03,NA_HMA_QUYNH_LIEN,NANQMI03,3G
NANQMI04,NA_HMA_QUYNH_LIEN_2,NANQMI04,3G
NANQMI05,NA_HMA_QUYNH_PHUONG,NANQMI05,3G
NANQMI06,NA_HMA_QUYNH_XUAN,NANQMI06,3G
NANQMI07,NA_HMA_QUYNH_XUAN_3,NANQMI07,3G
NANQMI08,NA_HMA_MAI_HUNG_2,NANQMI08,3G
NANQPG01,NA_QPG_KIM_SON,NANQPG01,3G
NANQPG02,NA_QPG_MUONG_NGOC,NANQPG02,3G
NANQPG03,NA_QPG_QUE_PHONG,NANQPG03,3G
NANQPG04,NA_QPG_QUE_PHONG_2,NANQPG04,3G
NANQPU01,NA_QLU_QUYNH_NGHIA,NANQPU01,3G
NANQPU02,NA_QLU_KHANH_THANH,NANQPU02,3G
NANQPU03,NA_QLU_LAM_THO,NANQPU03,3G
NANQPU04,NA_QLU_NGO,NANQPU04,3G
NANQPU05,NA_QLU_QUYNH_LONG,NANQPU05,3G
NANQPU06,NA_QLU_QUYNH_NGHIA_2,NANQPU06,3G
NANQPU07,NA_QLU_QUYNH_THUAN,NANQPU07,3G
NANQPU08,NA_QLU_QUYNH_THUAN_2,NANQPU08,3G
NANQPU09,NA_QLU_SON_HAI,NANQPU09,3G
NANQPU10,NA_QLU_TIEN_THUY,NANQPU10,3G
NANQPU11,NA_QLU_TIEN_THUY_SEA,NANQPU11,3G
NANQSN01,NA_QLU_QUYNH_LAM,NANQSN01,3G
NANQSN02,NA_QLU_NGOC_SON,NANQSN02,3G
NANQSN03,NA_QLU_QUYNH_HOA,NANQSN03,3G
NANQSN04,NA_QLU_QUYNH_LUU,NANQSN04,3G
NANQSN05,NA_QLU_QUYNH_MY,NANQSN05,3G
NANQSN06,NA_QLU_NGOC_SON_2,NANQSN06,3G
NANQSN07,NA_QLU_QUYNH_LAM_2,NANQSN07,3G
NANQSN09,NA_QLU_QUYNH_LAM_3,NANQSN09,3G
NANQSN11,NA_QLU_QUYNH_LAM_4,NANQSN11,3G
NANQSN12,NA_QLU_QUYNH_MY_2,NANQSN12,3G
NANQTG01,NA_QLU_BAC_THANG,NANQTG01,3G
NANQTG02,NA_QLU_QUYNH_THANG,NANQTG02,3G
NANQTG03,NA_QLU_QUYNH_THANG_2,NANQTG03,3G
NANQTH01,NA_YTH_NAM_THANH,NANQTH01,3G
NANQTH02,NA_YTH_XUAN_THANH,NANQTH02,3G
NANQTH07,NA_YTH_BAC_THANH,NANQTH07,3G
NANQTM01,NA_QLU_QUYNH_CHAU_2,NANQTM01,3G
NANQTM02,NA_QLU_QUYNH_TAM_2,NANQTM02,3G
NANQTM03,NA_QLU_QUYNH_CHAU,NANQTM03,3G
NANQTM04,NA_QLU_QUYNH_TAM,NANQTM04,3G
NANQTM05,NA_QLU_TAN_SON,NANQTM05,3G
NANQVN01,NA_QLU_QUYNH_TAN,NANQVN01,3G
NANQVN02,NA_QLU_QUYNH_THACH,NANQVN02,3G
NANQVN03,NA_QLU_QUYNH_THANH_2,NANQVN03,3G
NANQVN04,NA_QLU_QUYNH_VAN,NANQVN04,3G
NANQVN05,NA_QLU_QUYNH_VAN_4,NANQVN05,3G
NANQVN06,NA_QLU_QUYNH_VAN_5,NANQVN06,3G
NANQVN07,NA_QLU_QUYNH_TAN_2,NANQVN07,3G
NANTAN01,NA_TKY_NGHIA_PHUC,NANTAN01,3G
NANTAN02,NA_TKY_TAN_AN,NANTAN02,3G
NANTCU01,NA_DCU_DIEN_LOC,NANTCU01,3G
NANTCU02,NA_DCU_DIEN_LOI,NANTCU02,3G
NANTCU03,NA_DCU_DIEN_PHU,NANTCU03,3G
NANTCU04,NA_DCU_DIEN_THANG_2,NANTCU04,3G
NANTCU05,NA_DCU_DIEN_THO,NANTCU05,3G
NANTCU06,NA_DCU_DIEN_THO_2,NANTCU06,3G
NANTDG01,NA_TCG_THANH_MY,NANTDG01,3G
NANTDG02,NA_TCG_THANH_LINH_3,NANTDG02,3G
NANTDG03,NA_TCG_CHO_GIANG,NANTDG03,3G
NANTDG04,NA_TCG_THANH_MY_2,NANTDG04,3G
NANTDO01,NA_TKY_DONG_VAN,NANTDO01,3G
NANTDO02,NA_TKY_DONG_VAN_2,NANTDO02,3G
NANTDU01,NA_TDG_TUONG_DUONG,NANTDU01,3G
NANTHA01,NA_THA_HIEU_HOA,NANTHA01,3G
NANTHA02,NA_THA_QUANG_PHONG,NANTHA02,3G
NANTHA03,NA_THA_THAI_HOA_PT,NANTHA03,3G
NANTHA04,NA_THA_DONG_TAM,NANTHA04,3G
NANTHA05,NA_THA_LANG_VAC,NANTHA05,3G
NANTHA06,NA_THA_LONG_SON,NANTHA06,3G
NANTHA07,NA_THA_NGHIA_HOA,NANTHA07,3G
NANTHP01,NA_QHP_DONG_HOP,NANTHP01,3G
NANTHP02,NA_QHP_NGHIA_XUAN,NANTHP02,3G
NANTHP03,NA_QHP_NGHIA_XUAN_2,NANTHP03,3G
NANTHP04,NA_QHP_NMD_QUY_HOP,NANTHP04,3G
NANTHP05,NA_QHP_TAM_HOP,NANTHP05,3G
NANTHP06,NA_QHP_TAM_HOP_2,NANTHP06,3G
NANTHP07,NA_QHP_DONG_HOP_2,NANTHP07,3G
NANTHP08,NA_QHP_QUAN_DINH,NANTHP08,3G
NANTHU01,NA_THA_TAY_HIEU_2,NANTHU01,3G
NANTHU02,NA_THA_NGHIA_QUANG,NANTHU02,3G
NANTHU03,NA_THA_TAY_HIEU,NANTHU03,3G
NANTKY01,NA_TKY_KY_SON,NANTKY01,3G
NANTKY02,NA_TKY_KY_TAN,NANTKY02,3G
NANTKY03,NA_TKY_KY_TAN_2,NANTKY03,3G
NANTKY04,NA_TKY_NGHIA_DUNG,NANTKY04,3G
NANTKY05,NA_TKY_TAN_KY,NANTKY05,3G
NANTKY06,NA_TKY_TAN_KY_4,NANTKY06,3G
NANTKY07,NA_TKY_TAN_LONG,NANTKY07,3G
NANTKY08,NA_TKY_TAN_KY_3,NANTKY08,3G
NANTLC01,NA_NLC_CN_NAM_CAM,NANTLC01,3G
NANTLC02,NA_NLC_CN_NAM_CAM_2,NANTLC02,3G
NANTLC03,NA_NLC_NGHI_LONG,NANTLC03,3G
NANTLC04,NA_NLC_NGHI_QUANG,NANTLC04,3G
NANTLC05,NA_NLC_NGHI_THIET,NANTLC05,3G
NANTLC06,NA_NLC_NGHI_THUAN_2,NANTLC06,3G
NANTLC10,NA_NLC_KCN_NAM_CAM_PSDT_1_01R,NANTLC10,3G
NANTLC11,NA_NLC_KCN_NAM_CAM_PSDT_2,NANTLC11,3G
NANTLC12,NA_NLC_NGHI_LONG_4,NANTLC12,3G
NANTLE01,NA_QPG_TRI_LE,NANTLE01,3G
NANTLH01,NA_NLC_NGHI_HUNG_2,NANTLH01,3G
NANTLH02,NA_NLC_NGHI_HUNG,NANTLH02,3G
NANTLH03,NA_NLC_NGHI_PHUONG,NANTLH03,3G
NANTLH04,NA_NLC_NGHI_PHUONG_2,NANTLH04,3G
NANTMI01,NA_HMA_QUYNH_LAP,NANTMI01,3G
NANTMI02,NA_HMA_QUYNH_LOC_3,NANTMI02,3G
NANTMI04,NA_HMA_QUYNH_LAP_4,NANTMI04,3G
NANTMI05,NA_HMA_QUYNH_LOC,NANTMI05,3G
NANTMI06,NA_HMA_QUYNH_LOC_2,NANTMI06,3G
NANTMI07,NA_HMA_QUYNH_PHUONG_2,NANTMI07,3G
NANTMI08,NA_HMA_CN_HOANG_MAI_2,NANTMI08,3G
NANTNN01,NA_NDN_DONG_DAI,NANTNN01,3G
NANTNN02,NA_NDN_KHANH_SON,NANTNN02,3G
NANTNN03,NA_NDN_KHANH_SON_2,NANTNN03,3G
NANTNN04,NA_NDN_NAM_PHUC,NANTNN04,3G
NANTNN05,NA_NDN_NAM_TRUNG,NANTNN05,3G
NANTNN06,NA_NDN_NAM_PHUC_2,NANTNN06,3G
NANTPG01,NA_QPG_DONG_VAN_3,NANTPG01,3G
NANTPG02,NA_QPG_PHU_PHUONG,NANTPG02,3G
NANTPG03,NA_QPG_PHU_PHUONG_2,NANTPG03,3G
NANTPU01,NA_TKY_TAN_KY_2,NANTPU01,3G
NANTPU02,NA_TKY_TAN_PHU,NANTPU02,3G
NANTQG01,NA_TDG_BAN_VE_2,NANTQG01,3G
NANTQG02,NA_TDG_TAM_QUANG,NANTQG02,3G
NANTQG03,NA_TDG_TAM_QUANG_2,NANTQG03,3G
NANTTG01,NA_DLG_XUAN_SON,NANTTG01,3G
NANTTG02,NA_DLG_MINH_SON,NANTTG02,3G
NANTTG03,NA_DLG_NHAN_SON,NANTTG03,3G
NANTTG04,NA_DLG_THUAN_SON_3,NANTTG04,3G
NANTTG05,NA_DLG_TRUNG_SON,NANTTG05,3G
NANTTG06,NA_DLG_THUAN_SON,NANTTG06,3G
NANTTG07,NA_DLG_LAC_SON_3,NANTTG07,3G
NANTTG08,NA_DLG_THUAN_SON_2,NANTTG08,3G
NANTTU01,NA_QPG_DONG_VAN_2,NANTTU01,3G
NANTVH02,NA_VIH_NGUYEN_SY_SACH_2,NANTVH02,3G
NANTVH03,NA_HNN_HUNG_THINH_2,NANTVH03,3G
NANTVH04,NA_VIH_AN_DUONG_VUONG,NANTVH04,3G
NANTVH05,NA_VIH_BEN_THUY,NANTVH05,3G
NANTVH06,NA_VIH_BV_VINH,NANTVH06,3G
NANTVH07,NA_VIH_CHO_VINH,NANTVH07,3G
NANTVH08,NA_VIH_DAI_LO_3_2,NANTVH08,3G
NANTVH09,NA_VIH_DHSP_VINH,NANTVH09,3G
NANTVH10,NA_VIH_HUNG_HOA,NANTVH10,3G
NANTVH11,NA_VIH_HUNG_PHUC,NANTVH11,3G
NANTVH12,NA_VIH_KS_AMAZON,NANTVH12,3G
NANTVH13,NA_VIH_KS_PHUONG_DONG,NANTVH13,3G
NANTVH14,NA_VIH_NGO_DUC_KE,NANTVH14,3G
NANTVH15,NA_VIH_NUI_QUYET,NANTVH15,3G
NANTVH16,NA_VIH_PHAM_KINH_VY,NANTVH16,3G
NANTVH17,NA_VIH_PHONG_DINH_CANG,NANTVH17,3G
NANTVH18,NA_VIH_PHUNG_CHI_KIEN,NANTVH18,3G
NANTVH19,NA_VIH_PHUONG_HOANG,NANTVH19,3G
NANTVH20,NA_VIH_PHUONG_HOANG_2,NANTVH20,3G
NANTVH21,NA_VIH_SU_PHAM_KY_THUAT_2,NANTVH21,3G
NANTVH23,NA_VIH_TRAN_PHU,NANTVH23,3G
NANTVH24,NA_VIH_TRUNG_DO,NANTVH24,3G
NANTVH25,NA_VIH_TRUNG_DO_2,NANTVH25,3G
NANTVH26,NA_VIH_TRUONG_THI,NANTVH26,3G
NANTVH27,NA_VIH_CHO_VINH_3,NANTVH27,3G
NANTVH28,NA_VIH_DUY_TAN,NANTVH28,3G
NANTVH29,NA_VIH_HA_HUY_TAP_4,NANTVH29,3G
NANTVH30,NA_VIH_HOANG_THI_LOAN,NANTVH30,3G
NANTVH31,NA_VIH_HUNG_DUNG,NANTVH31,3G
NANTVH32,NA_VIH_PHONG_DINH_CANG_3,NANTVH32,3G
NANTVH33,NA_VIH_SARA_VINH,NANTVH33,3G
NANTVH34,NA_VIH_VINH_TAN,NANTVH34,3G
NANTVH35,NA_VIH_NGUYEN_VAN_CU_2,NANTVH35,3G
NANTVH36,NA_VIH_KS_AMAZON_CRAN,NANTVH36,3G
NANTVH38,NA_VIH_NGUYEN_DU,NANTVH38,3G
NANTVI01,NA_VIH_MINH_KHAI,NANTVI01,3G
NANTVI02,NA_VIH_NGUYEN_VAN_CU,NANTVI02,3G
NANTVI03,NA_VIH_NGUYEN_SINH_SAC,NANTVI03,3G
NANTVI04,NA_VIH_CAU_DUOC,NANTVI04,3G
NANTVI05,NA_VIH_BX_VINH,NANTVI05,3G
NANTVI06,NA_VIH_CN_DONG_VINH,NANTVI06,3G
NANTVI07,NA_VIH_GA_VINH,NANTVI07,3G
NANTVI08,NA_VIH_HUNG_BINH_2,NANTVI08,3G
NANTVI09,NA_VIH_HUNG_BINH_3,NANTVI09,3G
NANTVI10,NA_VIH_KS_THUONG_MAI,NANTVI10,3G
NANTVI11,NA_VIH_LE_HONG_PHONG,NANTVI11,3G
NANTVI12,NA_VIH_NGUYEN_SY_SACH_3,NANTVI12,3G
NANTVI13,NA_VIH_NGUYEN_THAI_HOC,NANTVI13,3G
NANTVI14,NA_VIH_NGUYEN_TRUONG_TO,NANTVI14,3G
NANTVI15,NA_VIH_SVD_VINH,NANTVI15,3G
NANTVI16,NA_VIH_TOA_NHA_TECO,NANTVI16,3G
NANTVI17,NA_VIH_VINH_VTN,NANTVI17,3G
NANTVI18,NA_VIH_CUA_NAM,NANTVI18,3G
NANTVI19,NA_VIH_DEN_ONG_HOANG_MUOI,NANTVI19,3G
NANTVI20,NA_VIH_GA_VINH_01R,NANTVI20,3G
NANTVI22,NA_VIH_LE_MAO,NANTVI22,3G
NANTVI23,NA_VIH_TRUONG_CHINH,NANTVI23,3G
NANTVI24,NA_VIH_UBND_NGHE_AN_IBC,NANTVI24,3G
NANTVI27,NA_VIH_DONG_VINH,NANTVI27,3G
NANVAN01,NA_NDN_NAM_DAN,NANVAN01,3G
NANVAN02,NA_NDN_NAM_DAN_2,NANVAN02,3G
NANVAN03,NA_NDN_NAM_LOC,NANVAN03,3G
NANVAN04,NA_NDN_NAM_TAN,NANVAN04,3G
NANVAN05,NA_NDN_VAN_DIEN,NANVAN05,3G
NANVAN06,NA_NDN_VAN_DIEN_2,NANVAN06,3G
NANVAN07,NA_NDN_TT_NAM_DAN,NANVAN07,3G
NANVDU01,NA_YTH_DAI_THANH,NANVDU01,3G
NANVDU02,NA_YTH_MINH_THANH,NANVDU02,3G
NANVDU03,NA_YTH_TAY_THANH,NANVDU03,3G
NANVHG01,NA_NLC_NGHI_LIEN,NANVHG01,3G
NANVHG02,NA_VIH_BV_GIAO_THONG,NANVHG02,3G
NANVHG03,NA_VIH_CN_BAC_VINH,NANVHG03,3G
NANVHG04,NA_VIH_DANG_THAI_MAI,NANVHG04,3G
NANVHG05,NA_VIH_HUNG_DONG_2,NANVHG05,3G
NANVHG06,NA_VIH_NGHI_KIM,NANVHG06,3G
NANVHG07,NA_VIH_NGHI_KIM_3,NANVHG07,3G
NANVHG08,NA_VIH_NGUYEN_CANH_HOAN,NANVHG08,3G
NANVHG09,NA_VIH_QUAN_BAU,NANVHG09,3G
NANVHG10,NA_VIH_BUI_DUONG_LICH,NANVHG10,3G
NANVHG11,NA_VIH_HUNG_DONG_5,NANVHG11,3G
NANVHG13,NA_VIH_SAN_BAY_VINH,NANVHG13,3G
NANVHN01,NA_DLG_QUANG_SON,NANVHN01,3G
NANVHN03,NA_DLG_THAI_SON,NANVHN03,3G
NANVHN04,NA_DLG_THUONG_SON,NANVHN04,3G
NANVHN05,NA_DLG_THUONG_SON_2,NANVHN05,3G
NANVKU01,NA_NLC_NGHI_KIEU,NANVKU01,3G
NANVKU02,NA_NLC_NGHI_KIEU_2,NANVKU02,3G
NANVKU03,NA_NLC_NGHI_KIEU_3,NANVKU03,3G
NANVKU04,NA_NLC_NGHI_VAN,NANVKU04,3G
NANVKU07,NA_NLC_NGHI_VAN_4,NANVKU07,3G
NANVLC01,NA_VIH_HAI_THUONG_LAN_ONG,NANVLC01,3G
NANVLC02,NA_NLC_NGHI_PHONG,NANVLC02,3G
NANVLC03,NA_NLC_NGHI_THAI,NANVLC03,3G
NANVLC04,NA_NLC_NGHI_THAI_2,NANVLC04,3G
NANVLC05,NA_NLC_NGHI_XUAN,NANVLC05,3G
NANVLC06,NA_VIH_CDSP_VINH,NANVLC06,3G
NANVLC07,NA_VIH_HUNG_LOC_2,NANVLC07,3G
NANVLC08,NA_VIH_NGUYEN_SY_SACH,NANVLC08,3G
NANVLC09,NA_NLC_TRAM_CHIM,NANVLC09,3G
NANVLC11,NA_VIH_HUNG_LOC_4,NANVLC11,3G
NANVLC12,NA_VIH_LE_VIET_THUAT,NANVLC12,3G
NANVPU01,NA_NLC_NGHI_AN,NANVPU01,3G
NANVPU02,NA_NLC_NGHI_DUC,NANVPU02,3G
NANVPU03,NA_VIH_BV_DA_KHOA_NGHE_AN,NANVPU03,3G
NANVPU04,NA_VIH_DH_KINH_TE,NANVPU04,3G
NANVPU05,NA_VIH_LE_NIN,NANVPU05,3G
NANVPU06,NA_VIH_NGHI_PHU,NANVPU06,3G
NANVPU07,NA_VIH_NGUYEN_TRAI,NANVPU07,3G
NANVPU08,NA_VIH_PHAN_CANH_HOAN,NANVPU08,3G
NANVPU09,NA_NLC_NGHI_DUC_2,NANVPU09,3G
NANVPU10,NA_VIH_BV_QUOC_TE,NANVPU10,3G
NANVPU11,NA_VIH_HA_HUY_TAP,NANVPU11,3G
NANVPU12,NA_VIH_QUAN_BANH,NANVPU12,3G
NANVPU13,NA_VIH_TRUONG_VAN_LINH,NANVPU13,3G
NANVPU14,NA_VIH_TUE_TINH,NANVPU14,3G
NANVPU21,NA_VIH_HUYNDAI_VINH,NANVPU21,3G
NANVTG01,NA_ASN_HOA_SON,NANVTG01,3G
NANVTG03,NA_ASN_TUONG_SON,NANVTG03,3G
NANVTU01,NA_YTH_YEN_THANH_2,NANVTU01,3G
NANVTU02,NA_YTH_BAO_THANH,NANVTU02,3G
NANVTU03,NA_YTH_KHANH_THANH_2,NANVTU03,3G
NANVTU04,NA_YTH_LY_THANH,NANVTU04,3G
NANVTU05,NA_YTH_MY_THANH,NANVTU05,3G
NANVTU06,NA_YTH_LIEN_THANH_2,NANVTU06,3G
NANXLM01,NA_TCG_THANH_YEN,NANXLM01,3G
NANXLM02,NA_TCG_CHO_CON,NANXLM02,3G
NANXLM03,NA_TCG_NGOC_SON_3,NANXLM03,3G
NANXLM04,NA_TCG_XUAN_TUONG,NANXLM04,3G
NANXLM05,NA_TCG_NGOC_SON_2,NANXLM05,3G
NANYHA01,NA_TDG_YEN_HOA,NANYHA01,3G
NANYHA02,NA_TDG_YEN_HOA_2,NANYHA02,3G
NANYNA01,NA_TDG_YEN_NA,NANYNA01,3G
NANYNA02,NA_TDG_YEN_TINH,NANYNA02,3G
NANYTG01,NA_HNN_HUNG_YEN,NANYTG01,3G
NANYTG02,NA_NLC_NGHI_DONG,NANYTG02,3G
NANYTH01,NA_YTH_VAN_THANH,NANYTH01,3G
NANYTH02,NA_YTH_HOA_THANH,NANYTH02,3G
NANYTH03,NA_YTH_HOP_THANH,NANYTH03,3G
NANYTH05,NA_YTH_TANG_THANH,NANYTH05,3G
NANYTH06,NA_YTH_YEN_THANH,NANYTH06,3G
NANYTH07,NA_YTH_TT_YEN_THANH,NANYTH07,3G
NANYTH10,NA_YTH_YEN_THANH_3,NANYTH10,3G
NANYXN01,NA_ASN_CAO_SON,NANYXN01,3G
NANYXN02,NA_ASN_KHAI_SON,NANYXN02,3G
NANYXN03,NA_ASN_KHAI_SON_2,NANYXN03,3G
NANYXN04,NA_ASN_LINH_SON,NANYXN04,3G
NANYXN05,NA_ASN_LONG_SON,NANYXN05,3G
NANYXN06,NA_ASN_CAO_SON_2,NANYXN06,3G
NANCCG03,NA_CCG_PHU_MAT,NANCCG03,3G
NANCKE01,NA_CCG_CHAU_KHE,NANCKE01,3G
NANCLU01,NA_KSN_CHIEU_LUU,NANCLU01,3G
NANDCH01,NA_DCU_DIEN_NGOC,NANDCH01,3G
NANDLC11,NA_NLC_NGHI_THINH_2_01R,NANDLC11,3G
NANQAH06,NA_QLU_QUYNH_BANG_2,NANQAH06,3G
NANTHP09,NA_QHP_YEN_HOP,NANTHP09,3G
NANTMI03,NA_HMA_QUYNH_LAP_2,NANTMI03,3G
NANTPU05,NA_TKY_TAN_LONG_2,NANTPU05,3G
NANTTI01,NA_TDG_TAM_THAI,NANTTI01,3G
NANVLC13,NA_VIH_TUE_TINH_01R,NANVLC13,3G
