site_code,site_name,lat,long,status
NANCLO08,NA_CLO_CUA_HOI,18.76651793,105.7518084,active
NANCLO01,NA_CLO_NGHI_HAI,18.76381,105.74397,active
NANCLO16,NA_CLO_VICOM_CUA_HOI,18.77115,105.754527,active
NANCLO09,NA_CLO_CUA_LO,18.80574,105.72328,active
NANCLO03,NA_CLO_BINH_MINH,18.81009,105.72038,active
NANCLO05,NA_CLO_CUA_LO_4,18.818181,105.717733,active
NANCLO07,NA_CLO_NGHI_HUONG_3,18.800232,105.727491,active
NANCLO13,NA_CLO_NGHI_THU_2,18.80377,105.71234,active
NANCLO15,NA_CLO_NGUYEN_THUC_TU,18.798503,105.723037,active
NANCLO11,NA_CLO_NGHI_HUONG_2,18.79326,105.733156,active
NANCLO02,NA_CLO_CUA_LO_2,18.781906,105.731136,active
NANCLO06,NA_CLO_NGHI_HUONG,18.79569,105.72682,active
NANCLO14,NA_CLO_NGUYEN_SINH_CUNG,18.783808,105.71093,active
NANDLC02,NA_CLO_NGHI_THACH,18.7801361,105.692894,active
NANDCU01,NA_DCU_CAU_BUNG,19.01252,105.58214,active
NANQCH01,NA_DCU_DIEN_DONG,19.00916,105.55189,active
NANQCH06,NA_DCU_DIEN_DONG_01R,19.015191,105.539797,active
NANMCU01,NA_DCU_DIEN_HANH,18.99235,105.56751,active
NANDCH07,NA_DCU_DIEN_HOA,18.98889,105.58389,active
NANMCU04,NA_DCU_DIEN_NGUYEN,18.9862,105.54393,active
NANQCH05,NA_DCU_DIEN_XUAN,19.01705,105.56674,active
NANACU02,NA_DCU_DIEN_BINH,18.92303,105.6058,active
NANACU01,NA_DCU_DIEN_AN,18.904839,105.604232,active
NANTCU01,NA_DCU_DIEN_LOC,18.88111,105.59631,active
NANTCU03,NA_DCU_DIEN_PHU,18.896345,105.573003,active
NANTCU08,NA_DCU_DIEN_PHU_2,18.90059,105.55941,active
NANACU05,NA_DCU_DIEN_TRUNG,18.916898,105.621453,active
NANDCH03,NA_DCU_DIEN_CHAU,18.97695,105.60027,active
NANACU03,NA_DCU_DIEN_CHAU_2,18.96013,105.6054,active
NANACU04,NA_DCU_DIEN_THINH,18.946746,105.60318,active
NANDCH04,NA_DCU_DIEN_CHAU_3,18.98489,105.596128,active
NANDCH01,NA_DCU_DIEN_NGOC,19.00032,105.60143,active
NANDCH11,NA_DCU_DIEN_BINH_2,18.99232,105.60394,active
NANDCH05,NA_DCU_DIEN_PHUC,18.963301,105.590982,active
NANDCH10,NA_DCU_DIEN_PHUC_2,18.97495,105.589622,active
NANDCH06,NA_DCU_DIEN_THANH,18.97663,105.612059,active
NANDCH09,NA_DCU_MUONG_THANH,18.97775,105.60142,active
NANDCH08,NA_DCU_TT_DIEN_CHAU,18.970358,105.602614,active
NANDCU02,NA_DCU_DIEN_HONG,19.04743298,105.5822027,active
NANDCU03,NA_DCU_DIEN_KY,19.03226,105.58612,active
NANQCH04,NA_DCU_DIEN_THAP,19.04679,105.56111,active
NANDTH03,NA_YTH_THO_THANH,19.06384,105.54724,active
NANBMH02,NA_YTH_DUC_THANH,19.08195,105.53185,active
NANDTH04,NA_YTH_LANG_THANH_2,19.05885,105.53928,active
NANQCH07,NA_DCU_DIEN_THAP_2,19.03967,105.57052,active
NANHCH04,NA_DCU_DIEN_HUNG,19.08272,105.64866,active
NANHCH03,NA_DCU_DIEN_HOANG_2,19.09714,105.63924,active
NANQLU09,NA_QLU_QUYNH_HUNG,19.112239,105.626275,active
NANHCH08,NA_DCU_DIEN_HOANG_3,19.077705,105.635702,active
NANQPU03,NA_QLU_LAM_THO,19.10167,105.66372,active
NANHCH05,NA_DCU_DIEN_KIM,19.02707,105.61824,active
NANDCH02,NA_DCU_DIEN_BICH,19.01619,105.60657,active
NANHCH01,NA_DCU_DIEN_HAI_2,19.04701,105.628016,active
NANHCH02,NA_DCU_DIEN_HAI,19.05131,105.61247,active
NANHCH06,NA_DCU_DIEN_MY,19.06413,105.6284,active
NANHCH09,NA_DCU_DIEN_MY_2,19.06622,105.61801,active
NANDCU05,NA_DCU_DIEN_VAN,19.03653,105.6035,active
NANDCU04,NA_DCU_DIEN_PHONG,19.045801,105.598132,active
NANHCU06,NA_DCU_DIEN_LAM,19.136089,105.555232,active
NANHCU04,NA_DCU_DIEN_DOAI,19.10620904,105.5633344,active
NANHCU07,NA_DCU_DIEN_LAM_2,19.1603355,105.5201721,active
NANHCU11,NA_DCU_MUONG_THANH_DIEN_LAM,19.149792,105.516622,active
NANHCU12,NA_DCU_DIEN_LAM_4,19.13833,105.536716,active
NANHCU14,NA_DCU_DIEN_LAM_7,19.12436,105.5583,active
NANBMH01,NA_YTH_TAN_THANH,19.1075,105.52235,active
NANHCU08,NA_DCU_DIEN_LAM_6,19.12239,105.5331,active
NANBMH05,NA_YTH_YEN_THANH_4,19.096081,105.497999,active
NANQCH02,NA_DCU_DIEN_LIEN,19.03016803,105.5568839,active
NANMCU05,NA_DCU_DIEN_THANG,18.954383,105.536198,active
NANMCU07,NA_DCU_DIEN_BINH_3,18.96476,105.54234,active
NANMCU02,NA_DCU_DIEN_CAT,18.9649226,105.5647084,active
NANACU06,NA_DCU_DIEN_TAN,18.9508,105.57642,active
NANMCU03,NA_DCU_DIEN_MINH,18.96113,105.5228,active
NANTCU04,NA_DCU_DIEN_THANG_2,18.92904,105.54828,active
NANTCU02,NA_DCU_DIEN_LOI,18.91024,105.54424,active
NANTCU05,NA_DCU_DIEN_THO,18.938321,105.565492,active
NANTCU07,NA_DCU_DIEN_LOC_2,18.92467,105.58264,active
NANTCU06,NA_DCU_DIEN_THO_2,18.935894,105.571157,active
NANMCU06,NA_DCU_MINH_CHAU,18.938743,105.52844,active
NANHCU09,NA_DCU_DIEN_TRUONG,19.0985,105.611,active
NANHCU13,NA_DCU_DIEN_TRUONG_2,19.09067,105.60072,active
NANHCU15,NA_DCU_VIET_GLORY,19.11098,105.60487,active
NANHCU02,NA_DCU_YEN_LY,19.083564,105.588507,active
NANHCU05,NA_DCU_DIEN_DOAI_2,19.10469,105.5782,active
NANHCU03,NA_DCU_DIEN_DOAI_3,19.11683,105.589197,active
NANHCU01,NA_DCU_DIEN_YEN,19.07329,105.59608,active
NANHCH07,NA_DCU_DIEN_HOANG,19.07994,105.62018,active
NANDTH01,NA_YTH_DO_THANH,19.06871,105.5693,active
NANDLG03,NA_DLG_DO_LUONG,18.900154,105.3082,active
NANYXN08,NA_ASN_LINH_SON_2,18.922167,105.235592,active
NANYXN04,NA_ASN_LINH_SON,18.92579,105.21189,active
NANDLG10,NA_DLG_DANG_SON,18.9038,105.2968,active
NANLSN02,NA_DLG_DO_LUONG_2,18.91108,105.30203,active
NANBNC03,NA_DLG_BOI_SON,18.93206949,105.2884593,active
NANBNC06,NA_DLG_LAM_SON_2,18.93517,105.26209,active
NANBNC07,NA_DLG_BOI_SON_2,18.94636,105.27897,active
NANLSN06,NA_DLG_TRANG_SON,18.934754,105.294773,active
NANLSN07,NA_DLG_DONG_SON_2,18.92231,105.3199,active
NANLSN04,NA_DLG_LAC_SON,18.92775,105.31014,active
NANDLG07,NA_DLG_LAC_SON_2,18.901508,105.331427,active
NANDLG04,NA_DLG_NAM_SON,18.89953,105.27764,active
NANDLG02,NA_DLG_BAC_SON,18.91658,105.26825,active
NANDLG09,NA_DLG_NAM_SON_3,18.91396,105.25465,active
NANDLG06,NA_DLG_THINH_SON,18.89397,105.33995,active
NANVHN02,NA_DLG_HOA_SON,18.8994135,105.3705328,active
NANDLG05,NA_DLG_TAN_SON_2,18.88483,105.35496,active
NANVHN03,NA_DLG_THAI_SON,18.87539452,105.3761473,active
NANVHN01,NA_DLG_QUANG_SON,18.87439,105.39136,active
NANDLG08,NA_DLG_TT_DO_LUONG,18.904214,105.310595,active
NANBNC01,NA_DLG_GIANG_SON_2,18.98796,105.29492,active
NANBNC02,NA_DLG_GIANG_SON,19.00406333,105.2846986,active
NANBNC05,NA_DLG_VINH_LOC_2,18.98644,105.26096,active
NANBNC04,NA_DLG_LAM_SON,18.95148,105.26381,active
NANASD03,NA_ASN_TAO_SON,18.95379,105.22412,active
NANASD05,NA_ASN_TAO_SON_2,18.93925,105.23121,active
NANLSN03,NA_DLG_HONG_SON,18.96356,105.29924,active
NANLSN05,NA_DLG_DONG_SON,18.94864,105.32334,active
NANVDU03,NA_YTH_TAY_THANH,19.04031944,105.343675,active
NANVDU04,NA_YTH_THINH_THANH,18.99055,105.33558,active
NANBHA07,NA_DLG_HIEN_SON_2,18.83325,105.44101,active
NANBHA02,NA_DLG_DAI_SON,18.844567,105.461533,active
NANBHA01,NA_DLG_DAI_SON_3,18.87507,105.46449,active
NANVKU01,NA_NLC_NGHI_KIEU,18.82921,105.49244,active
NANVKU02,NA_NLC_NGHI_KIEU_2,18.8116245,105.4700165,active
NANVKU06,NA_NLC_NGHI_KIEU_4,18.80438,105.48254,active
NANVKU03,NA_NLC_NGHI_KIEU_3,18.80826,105.50182,active
NANVKU04,NA_NLC_NGHI_VAN,18.86506,105.50389,active
NANVKU07,NA_NLC_NGHI_VAN_4,18.88349,105.4924,active
NANVKU05,NA_NLC_NGHI_VAN_3,18.86167,105.48222,active
NANBHA03,NA_DLG_HIEN_SON,18.8507,105.425,active
NANVHN04,NA_DLG_THUONG_SON,18.861498,105.413544,active
NANVHN05,NA_DLG_THUONG_SON_2,18.875556,105.426944,active
NANTTG02,NA_DLG_MINH_SON,18.860683,105.366029,active
NANTTG07,NA_DLG_LAC_SON_3,18.8709,105.3312,active
NANTTG05,NA_DLG_TRUNG_SON,18.86956,105.31005,active
NANDLG01,NA_DLG_DA_SON,18.880886,105.305817,active
NANTTG03,NA_DLG_NHAN_SON,18.84221,105.37167,active
NANTTG01,NA_DLG_XUAN_SON,18.84655,105.33209,active
NANBHA05,NA_DLG_MY_SON_2,18.79655441,105.4071811,active
NANBHA04,NA_DLG_MY_SON,18.82790316,105.4061341,active
NANBHA06,NA_DLG_TRU_SON,18.81562,105.43602,active
NANTTG06,NA_DLG_THUAN_SON,18.84825,105.29941,active
NANTTG08,NA_DLG_THUAN_SON_2,18.83772,105.307506,active
NANTTG04,NA_DLG_THUAN_SON_3,18.84634,105.27913,active
NANCNN02,NA_TCG_CAT_VAN,18.87012,105.28864,active
NANDDG05,NA_TCG_THANH_HUNG,18.82322,105.30832,active
NANTDG01,NA_TCG_THANH_MY,18.82072,105.21672,active
NANHLM01,NA_TCG_HANH_LAM,18.81324,105.18069,active
NANHLM02,NA_TCG_THANH_DUC,18.83301119,105.162331,active
NANTDG04,NA_TCG_THANH_MY_2,18.79989,105.21052,active
NANCNN03,NA_TCG_THANH_HOA,18.84336,105.21803,active
NANQMI04,NA_HMA_QUYNH_LIEN_2,19.21338,105.72746,active
NANQMI03,NA_HMA_QUYNH_LIEN,19.2012,105.72025,active
NANQMI05,NA_HMA_QUYNH_PHUONG,19.22748897,105.7399598,active
NANTMI05,NA_HMA_QUYNH_LOC,19.26144,105.74058,active
NANTMI06,NA_HMA_QUYNH_LOC_2,19.25517,105.74992,active
NANTMI04,NA_HMA_QUYNH_LAP_4,19.25897,105.76366,active
NANTMI01,NA_HMA_QUYNH_LAP,19.26606709,105.7747905,active
NANTMI03,NA_HMA_QUYNH_LAP_2,19.27899,105.77424,active
NANTMI07,NA_HMA_QUYNH_PHUONG_2,19.23763,105.76158,active
NANTMI02,NA_HMA_QUYNH_LOC_3,19.27425,105.73809,active
NANHMI01,NA_HMA_CN_HOANG_MAI,19.289,105.726,active
NANTMI08,NA_HMA_CN_HOANG_MAI_2,19.30462,105.7368,active
NANHMI11,NA_HMA_KCN_HOANG_MAI_4,19.3074789,105.72451,active
NANHMI02,NA_HMA_HOANG_MAI,19.279297,105.71765,active
NANHMI03,NA_HMA_QUYNH_THIEN,19.24739,105.70669,active
NANQMI01,NA_HMA_HOANG_MAI_2,19.234108,105.697212,active
NANQMI08,NA_HMA_MAI_HUNG_2,19.250191,105.690557,active
NANQVN09,NA_QLU_QUYNH_TAN_4,19.23559,105.67555,active
NANQMI02,NA_HMA_MAI_HUNG,19.232388,105.718822,active
NANHMI04,NA_HMA_QUYNH_THIEN_2,19.26006,105.70476,active
NANHMI05,NA_HMA_QUYNH_TRANG,19.26283,105.67327,active
NANHMI10,NA_HMA_QUYNH_VINH_3,19.278561,105.690184,active
NANHMI09,NA_HMA_QUYNH_VINH_2,19.28621,105.6719,active
NANHMI06,NA_HMA_QUYNH_VINH,19.29080119,105.6972671,active
NANHMI07,NA_HMA_QUYNH_VINH_4,19.27349,105.6798,active
NANQMI06,NA_HMA_QUYNH_XUAN,19.21296,105.68835,active
NANQMI07,NA_HMA_QUYNH_XUAN_3,19.212882,105.700741,active
NANQVN07,NA_QLU_QUYNH_TAN_2,19.2216,105.66476,active
NANQVN01,NA_QLU_QUYNH_TAN,19.2346,105.644,active
NANQVN08,NA_QLU_QUYNH_TAN_3,19.22243,105.64323,active
NANHNG03,NA_HNN_HUNG_NGUYEN,18.67047778,105.6339028,active
NANHNG09,NA_HNN_HUNG_NGUYEN_01R,18.670739,105.627883,active
NANHNG04,NA_HNN_HUNG_NGUYEN_2,18.65965,105.63371,active
NANHNG08,NA_HNN_HUNG_NGUYEN_3,18.68344,105.62939,active
NANHNG14,NA_HNN_KCN_VSIP_3,18.69351,105.63232,active
NANHNG17,NA_HNN_KCN_VSIP_4,18.68982,105.62673,active
NANHNG16,NA_HNN_KCN_VSIP_5,18.67916,105.62598,active
NANTVI26,NA_VIH_HUNG_CHINH,18.66678,105.64449,active
NANLTH06,NA_HNN_HUNG_PHUC,18.616917,105.665842,active
NANLTH01,NA_HNN_HUNG_CHAU,18.60121,105.6655,active
NANLTH02,NA_HNN_HUNG_KHANH,18.58661,105.65549,active
NANLTH04,NA_HNN_HUNG_NHAN,18.589097,105.675268,active
NANLTH03,NA_HNN_HUNG_LOI,18.62586,105.68237,active
NANHNN01,NA_HNN_HUNG_TAN,18.6394,105.62429,active
NANHNN07,NA_HNN_HUNG_THONG,18.62976,105.61541,active
NANKLN12,NA_NDN_NAM_CAT_2,18.63764,105.59568,active
NANHNG06,NA_HNN_HUNG_THINH,18.64163,105.67115,active
NANTVH03,NA_HNN_HUNG_THINH_2,18.65101,105.66505,active
NANHNG07,NA_HNN_HUNG_MY,18.64663889,105.6483889,active
NANHNG10,NA_HNN_HUNG_THINH_3,18.63963,105.68279,active
NANLTH05,NA_HNN_HUNG_TIEN,18.61539,105.6299,active
NANHNN02,NA_HNN_HUNG_LAM,18.5992,105.62013,active
NANTNN06,NA_NDN_NAM_PHUC_2,18.58722,105.58389,active
NANTNN05,NA_NDN_NAM_TRUNG,18.61011389,105.5759028,active
NANTNN07,NA_NDN_NAM_TRUNG_2,18.59825,105.53309,active
NANTNN04,NA_NDN_NAM_PHUC,18.57448,105.55406,active
NANTNN01,NA_NDN_DONG_DAI,18.55906,105.55689,active
NANHNN05,NA_HNN_HUNG_XA,18.616728,105.615038,active
NANHNN04,NA_HNN_HUNG_LONG,18.62323,105.59294,active
NANHNN03,NA_HNN_HUNG_LINH,18.63446,105.57111,active
NANHNN06,NA_HNN_HUNG_LONG_2,18.6236,105.57598,active
NANNKH02,NA_NAD_NGHIA_KHANH,19.21206111,105.38755,active
NANNKH04,NA_NAD_NGHIA_DUC,19.22744503,105.3651376,active
NANNKH03,NA_NAD_NGHIA_KHANH_2,19.22097,105.40276,active
NANNKH01,NA_NAD_NGHIA_AN,19.25226,105.393174,active
NANMHP01,NA_QHP_HA_SON_1,19.248299,105.294934,active
NANMHP02,NA_QHP_HA_SON_2,19.2219,105.2806,active
NANNLM03,NA_NAD_NGHIA_LAM,19.41223,105.44441,active
NANNLM08,NA_NAD_NGHIA_SON,19.43092,105.44746,active
NANNMA04,NA_NAD_NGHIA_MINH,19.37185,105.42369,active
NANNMA01,NA_NAD_NGHIA_HONG,19.374887,105.389908,active
NANNMA02,NA_NAD_NGHIA_MAI,19.40383,105.37034,active
NANNLM07,NA_NAD_NGHIA_YEN,19.45647144,105.3693734,active
NANNHG03,NA_NAD_NGHIA_MAI_2,19.37096,105.36112,active
NANNMA03,NA_NAD_NGHIA_MINH_2,19.38557,105.43317,active
NANNLM04,NA_NAD_NGHIA_YEN_2,19.40411,105.40942,active
NANNDN04,NA_NAD_TT_NGHIA_DAN,19.3285,105.479,active
NANNDN05,NA_NAD_NGHIA_BINH_3,19.333185,105.48665,active
NANNDN01,NA_NAD_NGHIA_BINH,19.33928891,105.493651,active
NANNDN02,NA_NAD_NGHIA_BINH_2,19.36136,105.50238,active
NANNTO03,NA_NAD_NGHIA_LOI,19.374304,105.5142517,active
NANNTO04,NA_NAD_NGHIA_LOI_2,19.39158,105.5394,active
NANNLM01,NA_NAD_NGHIA_LAC,19.40412984,105.523703,active
NANNLM02,NA_NAD_NGHIA_LAC_2,19.43969,105.51311,active
NANNDN06,NA_NAD_NGHIA_BINH_5,19.346,105.5016,active
NANNTO02,NA_NAD_NGHIA_HOI_2,19.32822,105.50665,active
NANNTO01,NA_NAD_NGHIA_HOI,19.31861009,105.5423849,active
NANQTG04,NA_QLU_QUYNH_THANG_3,19.28942,105.5595,active
NANQTG02,NA_QLU_QUYNH_THANG,19.277806,105.58555,active
NANQTG03,NA_QLU_QUYNH_THANG_2,19.30731,105.59207,active
NANDHU01,NA_NAD_NGHIA_BINH_4,19.3106,105.47812,active
NANNLM05,NA_NAD_YEN_TRUNG,19.38042,105.46478,active
NANNLM06,NA_NAD_NGHIA_LAM_2,19.40482327,105.4752698,active
NANNDN03,NA_NAD_NGHIA_TRUNG,19.36169,105.47063,active
NANKLN02,NA_NDN_HUNG_TIEN,18.68511,105.54107,active
NANKLN01,NA_NDN_HONG_LONG,18.67192,105.53383,active
NANKLN11,NA_NDN_HONG_LONG_2,18.65516,105.52984,active
NANKLN14,NA_NDN_HUNG_TIEN_2,18.6772,105.519246,active
NANDHE04,NA_NDN_XUAN_HOA,18.6963,105.53367,active
NANDHE01,NA_NDN_NAM_ANH,18.71436944,105.52799,active
NANDHE03,NA_NDN_NAM_XUAN,18.72572,105.5527,active
NANDHE07,NA_NDN_NAM_XUAN_2,18.73805,105.54913,active
NANVAN08,NA_NDN_XUAN_HOA_3,18.699521,105.516984,active
NANKLN03,NA_NDN_LANG_SEN,18.671881,105.554834,active
NANDHE08,NA_NDN_KIM_LIEN,18.69319,105.55773,active
NANDHE09,NA_NDN_NAM_LINH_2,18.6999,105.5444,active
NANKLN08,NA_NDN_VAN_HOI,18.67367,105.57193,active
NANKLN09,NA_NDN_XUAN_LAM_2,18.65779,105.55486,active
NANKLN06,NA_NDN_XUAN_LAM,18.64737,105.54369,active
NANVAN02,NA_NDN_NAM_DAN_2,18.708434,105.4919326,active
NANVAN01,NA_NDN_NAM_DAN,18.697144,105.499133,active
NANVAN07,NA_NDN_TT_NAM_DAN,18.700522,105.494755,active
NANVAN04,NA_NDN_NAM_TAN,18.68229,105.47972,active
NANVAN03,NA_NDN_NAM_LOC,18.65732,105.50115,active
NANTNN03,NA_NDN_KHANH_SON_2,18.63189,105.52132,active
NANVAN06,NA_NDN_VAN_DIEN_2,18.70963,105.50177,active
NANKLN07,NA_NDN_NAM_GIANG_2,18.6806,105.58983,active
NANHNG01,NA_HNN_HUNG_DAO,18.67751,105.60703,active
NANHNG11,NA_HNN_HUNG_DAO_2,18.667023,105.612993,active
NANKLN04,NA_NDN_NAM_CAT,18.65395,105.59526,active
NANHNG15,NA_HNN_HUNG_DAO_3,18.659714,105.622008,active
NANKLN05,NA_NDN_NAM_GIANG,18.70456245,105.5853188,active
NANDHE05,NA_NDN_NAM_LINH,18.71144,105.55952,active
NANNDA05,NA_NDN_NAM_HUNG_2,18.75839,105.43443,active
NANNDA01,NA_NDN_NAM_HUNG,18.77089383,105.4214167,active
NANNDA02,NA_NDN_NAM_NGHIA,18.74072,105.45769,active
NANVAN05,NA_NDN_VAN_DIEN,18.72883,105.48554,active
NANNDA03,NA_NDN_NAM_THAI,18.71230551,105.4652926,active
NANNDA06,NA_NDN_NAM_THANH_3,18.72886,105.50431,active
NANNDA04,NA_NDN_NAM_THANH,18.74516,105.50783,active
NANDHE06,NA_NDN_NAM_THANH_2,18.74727,105.52272,active
NANDHE02,NA_NDN_NAM_ANH_3,18.74095644,105.5355015,active
NANTLC02,NA_NLC_CN_NAM_CAM_2,18.83624626,105.6513673,active
NANHLC03,NA_NLC_NGHI_LOC,18.856702,105.647348,active
NANHLC08,NA_NLC_NGHI_YEN,18.866567,105.622388,active
NANHLC01,NA_NLC_BAI_LU,18.88301163,105.661755,active
NANTLC11,NA_NLC_KCN_NAM_CAM_PSDT_2,18.83128,105.6608,active
NANTLC09,NA_NLC_KCN_WHA_NAN_PSDT_1,18.81948,105.6501,active
NANVPU01,NA_NLC_NGHI_AN,18.7459833,105.6872135,active
NANVPU02,NA_NLC_NGHI_DUC,18.7330333,105.684682,active
NANDLC04,NA_NLC_NGHI_THACH,18.7643,105.70667,active
NANDLC06,NA_NLC_NGHI_TRUONG,18.77008,105.67509,active
NANDLC09,NA_NLC_NGHI_TRUONG_2,18.76488,105.69076,active
NANYTG02,NA_NLC_NGHI_DONG,18.78559,105.59121,active
NANYTG01,NA_HNN_HUNG_YEN,18.757578,105.59214,active
NANYTG03,NA_HNN_HUNG_YEN_2,18.74022,105.59815,active
NANPLC09,NA_NLC_NGHI_CONG_NAM_3,18.76491,105.5745,active
NANPLC02,NA_NLC_NGHI_CONG_NAM,18.785917,105.561783,active
NANPLC01,NA_NLC_NGHI_CONG_BAC,18.798049,105.54121,active
NANPLC07,NA_NLC_NGHI_CONG_NAM_2,18.788468,105.572718,active
NANNLC01,NA_NLC_NGHI_DIEN,18.78441,105.61812,active
NANYTG04,NA_NLC_NGHI_DONG_CRAN,18.78838823,105.6016246,active
NANDLC07,NA_NLC_NGHI_HOP,18.81450641,105.7041465,active
NANCLO04,NA_CLO_CUA_LO_3,18.82314,105.71201,active
NANCLO10,NA_CLO_HAI_BANG,18.82569,105.69911,active
NANCLO12,NA_CLO_NGHI_TAN,18.82269,105.70325,active
NANDLC10,NA_NLC_NGHI_HOP_2,18.80895,105.69891,active
NANDLC03,NA_NLC_NGHI_KHANH,18.79509,105.69705,active
NANVHG01,NA_NLC_NGHI_LIEN,18.73453,105.66028,active
NANVHG07,NA_VIH_NGHI_KIM_3,18.74568,105.64474,active
NANNLC03,NA_NLC_NGHI_VANJ,18.751187,105.628373,active
NANNLC06,NA_NLC_NGHI_VAN_2,18.72858571,105.62624,active
NANPLC04,NA_NLC_NGHI_MY,18.819915,105.558799,active
NANPLC03,NA_NLC_NGHI_LAM,18.82014473,105.5341431,active
NANPLC08,NA_NLC_NGHI_LAM_2,18.834658,105.52159,active
NANPLC05,NA_NLC_NGHI_MY_2,18.80927,105.56934,active
NANPLC06,NA_NLC_NGHI_MY_3,18.817007,105.547218,active
NANTLH06,NA_NLC_TRAI_GAO,18.827445,105.567112,active
NANTLH03,NA_NLC_NGHI_PHUONG,18.81027,105.58993,active
NANTLH01,NA_NLC_NGHI_HUNG_2,18.8289909,105.588768,active
NANTLH02,NA_NLC_NGHI_HUNG,18.83858,105.605,active
NANTLH04,NA_NLC_NGHI_PHUONG_2,18.80679,105.61146,active
NANTLH05,NA_NLC_NGHI_THUAN,18.82027,105.62049,active
NANTLC04,NA_NLC_NGHI_QUANG,18.82502,105.68661,active
NANTLC03,NA_NLC_NGHI_LONG,18.8226509,105.6639786,active
NANTLC05,NA_NLC_NGHI_THIET,18.83803889,105.6853361,active
NANHLC02,NA_CLO_CANG_CUA_LO,18.836093,105.707324,active
NANHLC04,NA_NLC_NGHI_THIET_2,18.84884,105.6972,active
NANHLC05,NA_NLC_CANG_VISSAI,18.84552,105.71469,active
NANHLC06,NA_NLC_NGHI_TIEN,18.87325,105.690012,active
NANHLC07,NA_NLC_NGHI_THIET_3,18.83834,105.69662,active
NANTLC07,NA_NLC_NGHI_XA,18.81577,105.67485,active
NANVLC04,NA_NLC_NGHI_THAI_2,18.72891,105.72085,active
NANVLC02,NA_NLC_NGHI_PHONG,18.73952,105.70867,active
NANVLC03,NA_NLC_NGHI_THAI,18.71207,105.73242,active
NANVLC09,NA_NLC_TRAM_CHIM,18.71241,105.74779,active
NANVLC14,NA_VIH_NGHI_DUC_3,18.717924,105.711699,active
NANTLC06,NA_NLC_NGHI_THUAN_2,18.80079,105.64781,active
NANTLC01,NA_NLC_CN_NAM_CAM,18.8106,105.65742,active
NANTLC12,NA_NLC_NGHI_LONG_4,18.80184,105.6633,active
NANNLC02,NA_NLC_NGHI_HOA,18.7983141,105.6349639,active
NANNLC08,NA_NLC_NGHI_HOA_2,18.795979,105.35917,active
NANDLC01,NA_NLC_NGHI_LONG_2,18.8026218,105.676178,active
NANVLC05,NA_NLC_NGHI_XUAN,18.75094,105.73368,active
NANNLC04,NA_NLC_QUAN_HANH,18.77931,105.64587,active
NANDLC05,NA_NLC_NGHI_THINH,18.78808,105.67289,active
NANDLC08,NA_NLC_NGHI_THINH_01R,18.783871,105.669082,active
NANDLC12,NA_NLC_NGHI_THINH_2,18.78957,105.6889,active
NANNLC05,NA_NLC_NGHI_TRUNG,18.771911,105.648096,active
NANNLC07,NA_NLC_NGHI_TRUNG_2,18.781422,105.656318,active
NANTLC08,NA_NLC_NGHI_LONG_3,18.79059,105.6554,active
NANNLC09,NA_NLC_CA_NGHI_LOC,18.780812,105.642401,active
NANQLU02,NA_QLU_CAU_GIAT,19.13752,105.62352,active
NANQLU05,NA_QLU_QUYNH_GIANG,19.1297,105.60579,active
NANQLU10,NA_QLU_QUYNH_GIANG_2,19.12999,105.61846,active
NANQSN09,NA_QLU_QUYNH_LAM_3,19.146,105.57751,active
NANQSN11,NA_QLU_QUYNH_LAM_4,19.14533,105.6066,active
NANQPU02,NA_QLU_KHANH_THANH,19.1206,105.69387,active
NANQPU01,NA_QLU_QUYNH_NGHIA,19.129823,105.716604,active
NANQPU06,NA_QLU_QUYNH_NGHIA_2,19.13185,105.72865,active
NANQPU10,NA_QLU_TIEN_THUY,19.11234,105.7133,active
NANQPU11,NA_QLU_TIEN_THUY_SEA,19.1068,105.73067,active
NANQAH01,NA_QLU_QUYNH_YEN,19.13392,105.67534,active
NANQAH08,NA_QLU_QUYNH_YEN_2,19.14398,105.68282,active
NANQAH02,NA_QLU_QUYNH_BANG,19.17396,105.71457,active
NANQAH06,NA_QLU_QUYNH_BANG_2,19.1743,105.72918,active
NANQAH05,NA_QLU_QUYNH_THANH_3,19.1673489,105.6973801,active
NANQAH04,NA_QLU_QUYNH_THANH,19.16762,105.68728,active
NANQLU06,NA_QLU_QUYNH_HAU,19.161601,105.646174,active
NANQLU07,NA_QLU_QUYNH_HAU_2,19.15868,105.656207,active
NANQAH07,NA_QLU_QUYNH_DOI,19.15217,105.67215,active
NANQSN03,NA_QLU_QUYNH_HOA,19.17453329,105.6349502,active
NANQSN04,NA_QLU_QUYNH_LUU,19.14844,105.6313,active
NANQSN07,NA_QLU_QUYNH_LAM_2,19.15605,105.6234,active
NANQSN01,NA_QLU_QUYNH_LAM,19.1790047,105.6040878,active
NANQSN02,NA_QLU_NGOC_SON,19.18841,105.58704,active
NANQSN06,NA_QLU_NGOC_SON_2,19.17126,105.57098,active
NANQSN05,NA_QLU_QUYNH_MY,19.15990227,105.5974327,active
NANQSN08,NA_QLU_NGOC_SON_3,19.15945,105.57561,active
NANQSN12,NA_QLU_QUYNH_MY_2,19.16028,105.6113,active
NANQVN03,NA_QLU_QUYNH_THANH_2,19.167239,105.670052,active
NANQAH03,NA_QLU_QUYNH_LUONG,19.15307,105.71369,active
NANQLU01,NA_QLU_QUYNH_NGOC_2,19.11849,105.66464,active
NANQPU04,NA_QLU_NGO,19.10956,105.67075,active
NANQPU08,NA_QLU_QUYNH_THUAN_2,19.095673,105.690533,active
NANQPU05,NA_QLU_QUYNH_LONG,19.08669,105.69269,active
NANQPU07,NA_QLU_QUYNH_THUAN,19.10101804,105.7092149,active
NANQPU09,NA_QLU_SON_HAI,19.09733,105.67841,active
NANQLU03,NA_QLU_QUYNH_BA,19.13504602,105.6548991,active
NANQLU04,NA_QLU_QUYNH_DIEN,19.11935,105.63519,active
NANQLU08,NA_QLU_QUYNH_HONG,19.142956,105.634887,active
NANQSN10,NA_QLU_CAU_GIAT_2,19.14235,105.62699,active
NANQLU11,NA_QLU_QUYNH_HUNG_2,19.12166,105.64706,active
NANQLU12,NA_QLU_QUYNH_NGOC_3,19.126554,105.66341,active
NANQTM02,NA_QLU_QUYNH_TAM_2,19.19334,105.53663,active
NANQTM03,NA_QLU_QUYNH_CHAU,19.2128,105.54077,active
NANQTM01,NA_QLU_QUYNH_CHAU_2,19.20962,105.56677,active
NANHCU10,NA_DCU_DIEN_LAM_3,19.17494,105.53705,active
NANQTM04,NA_QLU_QUYNH_TAM,19.191049,105.51053,active
NANQTM05,NA_QLU_TAN_SON,19.201,105.49602,active
NANQVN05,NA_QLU_QUYNH_VAN_4,19.199335,105.673541,active
NANQVN04,NA_QLU_QUYNH_VAN,19.18476698,105.665635,active
NANQVN02,NA_QLU_QUYNH_THACH,19.177552,105.66051,active
NANQVN06,NA_QLU_QUYNH_VAN_5,19.20046,105.64449,active
NANXLM02,NA_TCG_CHO_CON,18.69842491,105.4188583,active
NANKBG01,NA_TCG_THANH_HA_2,18.66286,105.33186,active
NANBHO06,NA_TCG_THANH_XUAN,18.6128,105.4198583,active
NANBHO01,NA_TCG_THANH_XUAN_2,18.60666,105.4005,active
NANXLM01,NA_TCG_THANH_YEN,18.69303,105.42962,active
NANXLM04,NA_TCG_XUAN_TUONG,18.71781,105.40289,active
NANXLM03,NA_TCG_NGOC_SON_3,18.74141,105.36953,active
NANXLM05,NA_TCG_NGOC_SON_2,18.75723,105.39867,active
NANKBG02,NA_TCG_VO_LIET,18.72355,105.36503,active
NANHQN04,NA_TCG_THANH_CHI,18.74396,105.34048,active
NANHQN01,NA_TCG_THANH_AN_2,18.74394,105.3069,active
NANHQN03,NA_TCG_THANH_AN,18.73632,105.28542,active
NANKBG05,NA_TCG_THANH_HA_3,18.69933,105.38786,active
NANBHO02,NA_TCG_THANH_GIANG,18.67416,105.41816,active
NANBHO04,NA_TCG_THANH_LAM,18.64513,105.44859,active
NANBHO03,NA_TCG_THANH_MAI_2,18.65645,105.39947,active
NANBHO05,NA_TCG_THANH_MAI,18.63246976,105.3784626,active
NANKBG03,NA_TCG_VO_LIET_3,18.71716,105.34634,active
NANHQN06,NA_TCG_THANH_KHE_2,18.71407,105.31632,active
NANKBG06,NA_TCG_THANH_THUY_2,18.69464,105.30347,active
NANKBG04,NA_TCG_NGOC_LAM,18.70807,105.28621,active
NANKBG07,NA_TCG_VO_LIET_4,18.70423,105.35817,active
NANDDG02,NA_TCG_THANH_CHUONG,18.78283279,105.3320366,active
NANDDG03,NA_TCG_THANH_CHUONG_2,18.77111,105.339,active
NANDDG07,NA_TCG_THANH_NGOC,18.77389,105.35713,active
NANDDG08,NA_TCG_THANH_NGOC_3,18.79126,105.37155,active
NANDDG04,NA_TCG_THANH_CHUONG_3,18.79065,105.33558,active
NANDDG01,NA_TCG_THANH_DONG,18.79901,105.33644,active
NANDDG09,NA_TCG_THANH_PHONG,18.826057,105.344909,active
NANDDG10,NA_TCG_THANH_VAN,18.80837,105.32607,active
NANDDG06,NA_TCG_THANH_LINH,18.78855,105.301631,active
NANTDG02,NA_TCG_THANH_LINH_3,18.8023,105.28749,active
NANTDG03,NA_TCG_CHO_GIANG,18.820779,105.2831028,active
NANCNN01,NA_TCG_PHONG_THINH,18.83825,105.24989,active
NANTDG05,NA_TCG_THANH_LIEN_3,18.81262,105.2437,active
NANHLM03,NA_TCG_THANH_DUC_2,18.84013,105.0966,active
NANHQN07,NA_TCG_THANH_THINH,18.76486667,105.298575,active
NANHQN05,NA_TCG_THANH_HUG,18.7722,105.28,active
NANHQN02,NA_TCG_CHE_TRUONG_THINH,18.76299,105.25037,active
NANTHA04,NA_THA_DONG_TAM,19.31704,105.44931,active
NANTHA01,NA_THA_HIEU_HOA,19.32979929,105.4379965,active
NANTHA08,NA_THA_HOA_HIEU_2,19.322157,105.43593,active
NANTHA07,NA_THA_NGHIA_HOA,19.311071,105.441324,active
NANDHU04,NA_THA_NGHIA_MY,19.30903333,105.45903,active
NANTHA03,NA_THA_THAI_HOA_PT,19.320233,105.428425,active
NANTHA06,NA_THA_LONG_SON,19.31067,105.42845,active
NANTHA05,NA_THA_LANG_VAC,19.28938,105.433423,active
NANDHU03,NA_THA_NB_DONG_HIEU,19.28436,105.47722,active
NANNLO03,NA_NAD_NGHIA_LONG,19.25928,105.44701,active
NANNLO01,NA_NAD_NGHIA_LOC,19.22386667,105.4421667,active
NANNLO02,NA_NAD_NGHIA_LOC_2,19.194911,105.413511,active
NANDHU05,NA_THA_NGHIA_THUAN,19.27328,105.48975,active
NANDHU07,NA_NAD_NGHIA_LOC_3,19.25697,105.49493,active
NANNLO04,NA_NAD_THO_LOC,19.2372398,105.476532,active
NANNLO05,NA_NAD_NGHIA_LOC_4,19.22436,105.46794,active
NANDHU02,NA_NAD_NGHIA_THUAN_2,19.24984,105.51667,active
NANDHU06,NA_THA_NGHIA_THUAN_4,19.28289,105.5034,active
NANTHA02,NA_THA_QUANG_PHONG,19.34599294,105.41641,active
NANNHG01,NA_NAD_NGHIA_HUNG,19.35367,105.32883,active
NANTHU01,NA_THA_TAY_HIEU_2,19.31482,105.41881,active
NANTHU02,NA_THA_NGHIA_QUANG,19.324496,105.41597,active
NANNHG06,NA_THA_NGHIA_TIEN,19.32721,105.39056,active
NANNHG04,NA_NAD_NGHIA_TAN,19.31881,105.36507,active
NANNHG05,NA_NAD_NGHIA_TAN_2,19.34546,105.36656,active
NANNHG02,NA_NAD_NGHIA_LIEN,19.33212,105.34367,active
NANTHU03,NA_THA_TAY_HIEU,19.29934,105.40667,active
NANTKY02,NA_TKY_KY_TAN,19.07023038,105.3034265,active
NANNDG01,NA_TKY_NGHIA_BINH,19.17369693,105.3827001,active
NANNDG04,NA_TKY_NGHIA_DONG_2,19.16982,105.3456,active
NANNDG02,NA_TKY_NGHIA_BINH_2,19.1458,105.35914,active
NANNDG03,NA_TKY_NGHIA_DONG,19.17946662,105.3466975,active
NANTPU03,NA_TKY_TAN_PHU_2,19.18488,105.33064,active
NANTPU01,NA_TKY_TAN_KY_2,19.16534816,105.30705,active
NANTPU02,NA_TKY_TAN_PHU,19.14245842,105.2755013,active
NANGXN01,NA_TKY_GIAI_XUAN,19.14803615,105.2415348,active
NANTPU04,NA_TKY_TAN_XUAN,19.18418253,105.2870338,active
NANTKY08,NA_TKY_TAN_KY_3,19.04226,105.26913,active
NANTKY01,NA_TKY_KY_SON,19.03814528,105.2374155,active
NANNHH04,NA_TKY_TAN_HUONG_2,19.02801,105.20492,active
NANNHH01,NA_TKY_NGHIA_HANH,19.00115106,105.1819116,active
NANNHH02,NA_TKY_NGHIA_HANH_3,18.987046,105.163356,active
NANNHH03,NA_TKY_PHU_SON_2,19.03504,105.1095,active
NANTKY03,NA_TKY_KY_TAN_2,19.06165,105.28598,active
NANTAN02,NA_TKY_TAN_AN,19.07672487,105.19411,active
NANTAN01,NA_TKY_NGHIA_PHUC,19.11883333,105.21325,active
NANTKY05,NA_TKY_TAN_KY,19.05208464,105.2661209,active
NANTKY06,NA_TKY_TAN_KY_4,19.02581,105.26378,active
NANTKY07,NA_TKY_TAN_LONG,19.0813,105.29162,active
NANTKY04,NA_TKY_NGHIA_DUNG,19.12419,105.31296,active
NANVPU03,NA_VIH_BV_DA_KHOA_NGHE_AN,18.706374,105.68096,active
NANVPU06,NA_VIH_NGHI_PHU,18.71157,105.68445,active
NANVPU13,NA_VIH_TRUONG_VAN_LINH,18.722208,105.681092,active
NANVPU15,NA_VIH_BV_115,18.709905,105.67666,active
NANTVH06,NA_VIH_BV_VINH,18.68003,105.69996,active
NANTVH12,NA_VIH_KS_AMAZON,18.68419,105.70325,active
NANTVH36,NA_VIH_KS_AMAZON_CRAN,18.682637,105.700906,active
NANVLC08,NA_VIH_NGUYEN_SY_SACH,18.68745,105.7001889,active
NANTVH21,NA_VIH_SU_PHAM_KY_THUAT_2,18.673897,105.707349,active
NANTVH44,NA_VIH_BV_SAN_NHI,18.6812,105.7026,active
NANVLC06,NA_VIH_CDSP_VINH,18.706781,105.708448,active
NANVPU09,NA_NLC_NGHI_DUC_2,18.71058,105.69741,active
NANVLC10,NA_VIH_HUNG_LOC,18.6971815,105.7134241,active
NANTVH27,NA_VIH_CHO_VINH_3,18.66519,105.67372,active
NANTVH37,NA_VIH_CC_CUA_TIEN,18.662279,105.666383,active
NANTVH07,NA_VIH_CHO_VINH,18.66402,105.6743,active
NANTVH34,NA_VIH_VINH_TAN,18.658167,105.67407,active
NANTVH08,NA_VIH_DAI_LO_3_2,18.6848029,105.693135,active
NANTVH28,NA_VIH_DUY_TAN,18.680608,105.695449,active
NANTVH01,NA_VIH_HUNG_BINH,18.68424,105.68515,active
NANTVH02,NA_VIH_NGUYEN_SY_SACH_2,18.68554,105.69063,active
NANTVH41,NA_VIH_DH_Y_KHOA,18.686264,105.697948,active
NANVHG04,NA_VIH_DANG_THAI_MAI,18.713852,105.66028,active
NANVHG03,NA_VIH_CN_BAC_VINH,18.7114,105.65698,active
NANHNG05,NA_HNN_HUNG_TAY,18.70501,105.62525,active
NANKLN10,NA_HNN_HUNG_TAY_2,18.69997,105.60438,active
NANHNG12,NA_HNN_KCN_VSIP,18.702409,105.629319,active
NANVHG11,NA_VIH_HUNG_DONG_5,18.70542,105.65619,active
NANVHG06,NA_VIH_NGHI_KIM,18.7188,105.66623,active
NANVHG13,NA_VIH_SAN_BAY_VINH,18.727089,105.667994,active
NANVHG12,NA_VIH_NGHI_KIM_4,18.72432,105.65417,active
NANVPU12,NA_VIH_QUAN_BANH,18.71537,105.67497,active
NANVLC11,NA_VIH_HUNG_LOC_4,18.69724,105.70482,active
NANVLC01,NA_VIH_HAI_THUONG_LAN_ONG,18.69923,105.69672,active
NANVLC12,NA_VIH_LE_VIET_THUAT,18.69301,105.703639,active
NANTVH11,NA_VIH_HUNG_PHUC,18.678774,105.689181,active
NANTVH35,NA_VIH_NGUYEN_VAN_CU_2,18.67483,105.6884,active
NANTVH13,NA_VIH_KS_PHUONG_DONG,18.66561,105.69041,active
NANTVH04,NA_VIH_AN_DUONG_VUONG,18.66803,105.69242,active
NANTVH25,NA_VIH_TRUNG_DO_2,18.66022,105.69421,active
NANTVI10,NA_VIH_KS_THUONG_MAI,18.66965,105.67369,active
NANTVI05,NA_VIH_BX_VINH,18.68036,105.67215,active
NANTVI28,NA_VIH_KDT_NAM_LE_LOI,18.68385,105.67199,active
NANTVI09,NA_VIH_HUNG_BINH_3,18.680156,105.675295,active
NANTVI25,NA_VIH_KS_THUONG_MAI_01R,18.668468,105.672728,active
NANTVI11,NA_VIH_LE_HONG_PHONG,18.67575725,105.6841962,active
NANVPU05,NA_VIH_LE_NIN,18.695744,105.686401,active
NANVPU10,NA_VIH_BV_QUOC_TE,18.69952,105.68914,active
NANVPU04,NA_VIH_DH_KINH_TE,18.69253,105.68062,active
NANVPU11,NA_VIH_HA_HUY_TAP,18.68942,105.68704,active
NANVLC07,NA_VIH_HUNG_LOC_2,18.69436,105.69569,active
NANVPU14,NA_VIH_TUE_TINH,18.69035,105.69294,active
NANVLC13,NA_VIH_TUE_TINH_01R,18.69153,105.69427,active
NANTVI12,NA_VIH_NGUYEN_SY_SACH_3,18.686072,105.678475,active
NANTVH29,NA_VIH_HA_HUY_TAP_4,18.686373,105.681761,active
NANTVI08,NA_VIH_HUNG_BINH_2,18.68511,105.67508,active
NANTVH17,NA_VIH_PHONG_DINH_CANG,18.66815,105.70062,active
NANTVH10,NA_VIH_HUNG_HOA,18.67672609,105.7260871,active
NANTVH40,NA_VIH_HUNG_HOA_3,18.67385,105.75385,active
NANVPU16,NA_VIH_KDT_ECOPARK,18.69376,105.68891,active
NANTVH09,NA_VIH_DHSP_VINH,18.66307,105.69697,active
NANTVH31,NA_VIH_HUNG_DUNG,18.6718235,105.698799,active
NANTVH32,NA_VIH_PHONG_DINH_CANG_3,18.66241,105.70182,active
NANTVH33,NA_VIH_SARA_VINH,18.66222222,105.7052778,active
NANTVH22,NA_VIH_TECCO_TRUONG_THI,18.66929,105.69782,active
NANTVH18,NA_VIH_PHUNG_CHI_KIEN,18.67798,105.69186,active
NANTVH20,NA_VIH_PHUONG_HOANG_2,18.65677,105.69648,active
NANTVH05,NA_VIH_BEN_THUY,18.65268,105.70065,active
NANTVH30,NA_VIH_HOANG_THI_LOAN,18.656516,105.705818,active
NANTVH38,NA_VIH_NGUYEN_DU,18.656554,105.69795,active
NANTVH16,NA_VIH_PHAM_KINH_VY,18.65891,105.69917,active
NANTVH19,NA_VIH_PHUONG_HOANG,18.653662,105.690884,active
NANTVH15,NA_VIH_NUI_QUYET,18.64973,105.69477,active
NANVHG09,NA_VIH_QUAN_BAU,18.699843,105.673356,active
NANVHG10,NA_VIH_BUI_DUONG_LICH,18.694273,105.665508,active
NANVHG02,NA_VIH_BV_GIAO_THONG,18.69046,105.66468,active
NANVHG05,NA_VIH_HUNG_DONG_2,18.69772,105.65044,active
NANTVI06,NA_VIH_CN_DONG_VINH,18.685468,105.658947,active
NANTVI19,NA_VIH_DEN_ONG_HOANG_MUOI,18.68902,105.64592,active
NANHNG02,NA_HNN_HUNG_DONG,18.69710023,105.6397593,active
NANHNG13,NA_HNN_KCN_VSIP_NAN_PSDT_2,18.69954,105.6322,active
NANVHG08,NA_VIH_NGUYEN_CANH_HOAN,18.691278,105.672035,active
NANVPU07,NA_VIH_NGUYEN_TRAI,18.70705,105.67113,active
NANVPU08,NA_VIH_PHAN_CANH_HOAN,18.6946735,105.6776354,active
NANVPU17,NA_VIH_PHONG_CSGT,18.702773,105.681178,active
NANTVI22,NA_VIH_LE_MAO,18.66849,105.678119,active
NANTVI01,NA_VIH_MINH_KHAI,18.6738,105.679,active
NANTVI16,NA_VIH_TOA_NHA_TECO,18.67443,105.67484,active
NANTVI02,NA_VIH_NGUYEN_VAN_CU,18.67192,105.68654,active
NANTVI17,NA_VIH_VINH_VTN,18.669932,105.682861,active
NANTVH23,NA_VIH_TRAN_PHU,18.662022,105.682081,active
NANTVH14,NA_VIH_NGO_DUC_KE,18.66508,105.68029,active
NANTVH24,NA_VIH_TRUNG_DO,18.6608995,105.6850123,active
NANTVH26,NA_VIH_TRUONG_THI,18.67512,105.69628,active
NANTVI24,NA_VIH_UBND_NGHE_AN_IBC,18.673222,105.692266,active
NANYTH02,NA_YTH_HOA_THANH,18.9994,105.497,active
NANYTH03,NA_YTH_HOP_THANH,19.00858,105.50547,active
NANQCH03,NA_DCU_DIEN_THAI,19.007791,105.525711,active
NANDTH02,NA_YTH_HONG_THANH,19.035265,105.519116,active
NANYTH04,NA_YTH_NHAN_THANH,18.98351,105.50084,active
NANYTH07,NA_YTH_TT_YEN_THANH,18.999077,105.468736,active
NANYTH09,NA_YTH_TANG_THANH_2,18.99276,105.46909,active
NANYTH06,NA_YTH_YEN_THANH,18.9958,105.46286,active
NANYTH05,NA_YTH_TANG_THANH,19.01748,105.44342,active
NANQDG02,NA_YTH_DONG_THANH,19.03180086,105.4148986,active
NANQDG01,NA_YTH_KIM_THANH,19.04841864,105.3942013,active
NANQDG03,NA_YTH_DONG_THANH_2,19.0267,105.4297,active
NANQTH03,NA_YTH_XUAN_THANH_2,19.000994,105.448035,active
NANYTH01,NA_YTH_VAN_THANH,19.01791,105.47926,active
NANGLC02,NA_YTH_HAU_THANH,19.040108,105.475573,active
NANGLC04,NA_YTH_HAU_THANH_2,19.050955,105.495581,active
NANBMH04,NA_YTH_MA_THANH_2,19.06885032,105.5033793,active
NANBMH06,NA_YTH_MA_THANH_3,19.05554,105.51443,active
NANGLC01,NA_YTH_LANG_THANH,19.07648,105.45776,active
NANBMH03,NA_YTH_MA_THANH,19.09636,105.47241,active
NANGLC06,NA_YTH_LANG_THANH_3,19.05593,105.4817,active
NANGLC05,NA_YTH_PHUC_THANH,19.0266,105.4734,active
NANGLC03,NA_YTH_PHUC_THANH_2,19.050138,105.445916,active
NANYTH10,NA_YTH_YEN_THANH_3,19.00477,105.4819,active
NANYTH08,NA_YTH_YEN_THANH_5,18.999749,105.484311,active
NANQTH01,NA_YTH_NAM_THANH,18.95798,105.44353,active
NANHMH03,NA_YTH_LONG_THANH,18.96355,105.47363,active
NANVTU04,NA_YTH_LY_THANH,18.94679,105.41638,active
NANVDU02,NA_YTH_MINH_THANH,18.95043,105.38028,active
NANLSN01,NA_DLG_XM_DO_LUONG,18.947099,105.348904,active
NANQTH04,NA_YTH_TRUNG_THANH,18.969785,105.447882,active
NANQTH02,NA_YTH_XUAN_THANH,18.984,105.45616,active
NANQTH07,NA_YTH_BAC_THANH,18.972407,105.428587,active
NANHMH05,NA_YTH_VIEN_THANH,18.93034,105.48911,active
NANHMH02,NA_YTH_BAO_THANH_2,18.92343,105.47171,active
NANHMH08,NA_YTH_SON_THANH_2,18.92114,105.4839,active
NANHMH04,NA_YTH_SON_THANH,18.90601,105.48354,active
NANHMH06,NA_YTH_VINH_THANH_2,18.93623,105.50782,active
NANHMH01,NA_YTH_VINH_THANH,18.95775,105.50347,active
NANHMH07,NA_YTH_VINH_THANH_3,18.94533,105.50534,active
NANVTU01,NA_YTH_YEN_THANH_2,18.92064,105.43871,active
NANVTU02,NA_YTH_BAO_THANH,18.90166,105.45483,active
NANVTU03,NA_YTH_KHANH_THANH_2,18.93453,105.45866,active
NANVTU06,NA_YTH_LIEN_THANH_2,18.9411802,105.430442,active
NANVTU05,NA_YTH_MY_THANH,18.91088,105.41732,active
NANVDU01,NA_YTH_DAI_THANH,18.92333,105.38918,active
NANTVI15,NA_VIH_SVD_VINH,18.67124,105.66737,active
NANTVI04,NA_VIH_CAU_DUOC,18.67189,105.65365,active
NANTVI18,NA_VIH_CUA_NAM,18.667437,105.659215,active
NANTVI07,NA_VIH_GA_VINH,18.68659722,105.6702167,active
NANTVI20,NA_VIH_GA_VINH_01R,18.686802,105.666907,active
NANTVI03,NA_VIH_NGUYEN_SINH_SAC,18.666854,105.665794,active
NANTVI13,NA_VIH_NGUYEN_THAI_HOC,18.67569,105.66744,active
NANTVI14,NA_VIH_NGUYEN_TRUONG_TO,18.678568,105.664676,active
NANTVI23,NA_VIH_TRUONG_CHINH,18.68467,105.6638,active
NANHMI12,NA_HMA_XM_HOANG_MAI,19.274595,105.705614,active
NANTBT01,NA_ASN_BINH_SON,19.05125,105.04432,active
NANTBT02,NA_ASN_THANH_SON,19.05636,104.99318,active
NANASD02,NA_ASN_VINH_SON,18.95454,105.12912,active
NANBCN01,NA_CCG_BINH_CHUAN,19.23453,104.90839,active
NANMCG02,NA_QHP_NAM_SON,19.224478,105.02479,active
NANQTG01,NA_QLU_BAC_THANG,19.336103,105.622479,active
NANHCN01,NA_QCU_CHAU_PHONG,19.45866,105.01056,active
NANYHA01,NA_TDG_YEN_HOA,19.27655,104.72466,active
NANYHA02,NA_TDG_YEN_HOA_2,19.28678776,104.6571423,active
NANYNA01,NA_TDG_YEN_NA,19.30772,104.59348,active
NANYNA03,NA_TDG_YEN_NA_2,19.32705,104.54386,active
NANASN09,NA_ASN_ANH_SON_2,18.93061,105.1029,active
NANASN10,NA_ASN_DUC_SON,18.97242,105.07262,active
NANNHA01,NA_ASN_CAM_SON,18.99649545,105.0032748,active
NANNHA05,NA_ASN_CAM_SON_2,19.010629,104.980333,active
NANASN08,NA_ASN_ANH_SON,18.933612,105.07757,active
NANVTG02,NA_ASN_HOI_SON_2,18.94266,105.06363,active
NANASN12,NA_ASN_DUC_SON_2,18.98621,105.05457,active
NANVTG01,NA_ASN_HOA_SON,18.95607,105.04121,active
NANVTG03,NA_ASN_TUONG_SON,18.97032748,105.0246081,active
NANVTG04,NA_ASN_HOI_SON_3,18.92467,105.05299,active
NANASN14,NA_ASN_ANH_SON_3,18.92855,105.08385,active
NANYXN05,NA_ASN_LONG_SON,18.923753,105.121027,active
NANASN11,NA_ASN_PHUC_SON,18.91511,105.08064,active
NANASN13,NA_ASN_THACH_SON,18.94746,105.09438,active
NANYXN01,NA_ASN_CAO_SON,18.898861,105.164517,active
NANYXN06,NA_ASN_CAO_SON_2,18.87699,105.16662,active
NANYXN07,NA_ASN_CAO_SON_3,18.90425,105.19021,active
NANYXN03,NA_ASN_KHAI_SON_2,18.93463,105.16392,active
NANYXN02,NA_ASN_KHAI_SON,18.9396897,105.1541385,active
NANASD01,NA_ASN_LANG_SON_2,18.9553,105.16112,active
NANASD04,NA_ASN_LANG_SON_3,18.94221,105.1968,active
NANNHA02,NA_ASN_DINH_SON,19.02017,104.966896,active
NANNHA03,NA_ASN_DINH_SON_2,19.0239,104.94808,active
NANCCG07,NA_CCG_CHI_KHE,19.08144,104.81104,active
NANCCG01,NA_CCG_CON_CUONG,19.05119,104.880773,active
NANCCG04,NA_CCG_PU_MAT_2,19.06238,104.85986,active
NANCCG06,NA_CCG_BONG_KHE,19.06755,104.8673,active
NANCCG03,NA_CCG_PHU_MAT,19.06171629,104.8372451,active
NANCCG08,NA_CCG_CON_CUONG_2,19.03782,104.91022,active
NANCCG02,NA_CCG_CON_CUONG_4,19.01639,104.88537,active
NANMSN02,NA_CCG_MON_SON,18.94325,104.9473611,active
NANMTH01,NA_CCG_THACH_NGAN_2,19.08201,104.92814,active
NANMXN01,NA_KSN_KY_SON,19.39572,104.15054,active
NANCBH02,NA_QCU_CHAU_BINH_2,19.47705,105.24625,active
NANQCU02,NA_QCU_CHAU_HOI,19.55304,105.16265,active
NANCHG01,NA_QHP_MT_QUY_HOP,19.41456,105.10279,active
NANMCG03,NA_QHP_NAM_SON_3,19.22208,105.08448,active
NANQHP04,NA_QHP_QUY_HOP_2,19.32496,105.18733,active
NANQHP06,NA_QHP_QUANG_MINH,19.31481,105.19479,active
NANMHP05,NA_QHP_MINH_HOP_3,19.30192,105.23218,active
NANQHP03,NA_QHP_QUY_HOP,19.321192,105.174203,active
NANQHP05,NA_QHP_QUY_HOP_4,19.32625,105.20422,active
NANQHP07,NA_QHP_THO_HOP,19.33879684,105.2209827,active
NANCLC01,NA_QHP_CHAU_LOC,19.3466,105.23851,active
NANQHP02,NA_QHP_CHAU_QUANG_2,19.32759,105.15366,active
NANQHP01,NA_QHP_CHAU_QUANG,19.331278,105.135059,active
NANMHM01,NA_QHP_CHAU_CUONG_2,19.35024,105.0995,active
NANMHM02,NA_QHP_CHAU_THAI,19.313324,105.140028,active
NANMHM03,NA_QHP_CHAU_THAI_2,19.293176,105.149604,active
NANCLU02,NA_KSN_CHIEU_LUU_2,19.32087,104.32315,active
NANNTO05,NA_NAD_NGHIA_THO,19.35569,105.54855,active
NANTNN02,NA_NDN_KHANH_SON,18.61694,105.5467,active
NANCTN01,NA_QCU_CHAU_BINHS,19.63963146,105.0343794,active
NANCTN02,NA_QCU_CHAU_THANG,19.60500399,105.006989,active
NANCTN03,NA_QCU_CHAU_THANG_2,19.58304,105.01667,active
NANTPG03,NA_QPG_PHU_PHUONG_2,19.62501,104.98779,active
NANCTN04,NA_QCU_CHAU_THUAN,19.64163,105.07825,active
NANMCG01,NA_QHP_CHAU_LY,19.247833,105.135312,active
NANCHG02,NA_QHP_CHAU_TIEN,19.419346,105.12679,active
NANTHP08,NA_QHP_QUAN_DINH,19.35110304,105.2895947,active
NANTHP03,NA_QHP_NGHIA_XUAN_2,19.34276,105.3021698,active
NANTHP02,NA_QHP_NGHIA_XUAN,19.3077,105.31186,active
NANTHP04,NA_QHP_NMD_QUY_HOP,19.33422,105.31802,active
NANMHP04,NA_QHP_MINH_HOP_2,19.33185,105.28028,active
NANMHP03,NA_QHP_MINH_HOP,19.30252,105.2849,active
NANTHP05,NA_QHP_TAM_HOP,19.3594644,105.280069,active
NANTHP01,NA_QHP_DONG_HOP,19.3888,105.288,active
NANTHP07,NA_QHP_DONG_HOP_2,19.41943,105.283,active
NANTHP09,NA_QHP_YEN_HOP,19.4481,105.27297,active
NANTHP06,NA_QHP_TAM_HOP_2,19.36427,105.2614,active
NANNCN02,NA_KSN_NAM_CAN_2,19.421178,104.129928,active
NANCBH01,NA_QCU_CHAU_BINH,19.509192,105.212668,active
NANCBH03,NA_QCU_CHAU_NGA,19.5254995,105.1836924,active
NANQCU03,NA_QCU_QUY_CHAU,19.55107518,105.0961351,active
NANQCU01,NA_QCU_CHAU_HANH,19.55683,105.12569,active
NANQCU04,NA_QCU_QUY_CHAU_2,19.56193,105.07755,active
NANMXN02,NA_KSN_TA_CA,19.40351,104.14426,active
NANMQG01,NA_QPG_BAN_COC,19.55552855,104.8081857,active
NANTTU01,NA_QPG_DONG_VAN_2,19.74544,104.98483,active
NANTPG01,NA_QPG_DONG_VAN_3,19.7063,104.97012,active
NANTPG02,NA_QPG_PHU_PHUONG,19.63696752,104.9635988,active
NANQPG03,NA_QPG_QUE_PHONG,19.60351027,104.9203558,active
NANQPG01,NA_QPG_KIM_SON,19.59143,104.89951,active
NANQPG04,NA_QPG_QUE_PHONG_2,19.58372,104.88631,active
NANQPG02,NA_QPG_MUONG_NGOC,19.622,104.92556,active
NANTLE01,NA_QPG_TRI_LE,19.59208,104.6893,active
NANTQG01,NA_TDG_BAN_VE_2,19.156079,104.676702,active
NANLMH01,NA_TDG_LUONG_MINH_VTCI,19.337,104.40884,active
NANNMY02,NA_TDG_NGA_MY,19.27744,104.78623,active
NANTQG02,NA_TDG_TAM_QUANG,19.14116,104.70387,active
NANTQG03,NA_TDG_TAM_QUANG_2,19.17122,104.65018,active
NANTDU01,NA_TDG_TUONG_DUONG,19.262797,104.47095,active
NANNMY01,NA_TDG_XIENG_MY,19.26196,104.8303,active
NANNMY03,NA_TDG_XIENG_MY_VTCI,19.24442,104.77375,active
NANYNA02,NA_TDG_YEN_TINH,19.388855,104.68424,active
NANTDO01,NA_TKY_DONG_VAN,19.09710534,105.1124483,active
NANTDO02,NA_TKY_DONG_VAN_2,19.11681,105.11886,active
NANTDO03,NA_TKY_TIEN_KY,19.07303,105.08044,active
NANHKM01,NA_KSN_KY_SON_3,19.38171,104.191175,active
NANCLO17,NA_CLO_CONG_VIEN_NUOC,18.775786,105.748118,active
NANVAN09,NA_NDN_CA_NAM_DAN,18.697539,105.508842,active
NANTDG06,NA_TCG_TRAI_6,18.82362,105.19948,active
NANQVN10,NA_QLU_QUYNH_TAN_5,19.218005,105.631458,active
NANDCU06,NA_DCU_DIEN_KY_2_01R,19.0233912,105.5902289,active
NANHMI08,NA_QLU_QUYNH_TRANG_2,19.2466,105.6587,active
NANHNG20,NA_HNN_KCN_LUXSHARE_1,18.686018,105.62401,active
NANHNG21,NA_HNN_KCN_LUXSHARE_2,18.678924,105.62368,active
NANNHH06,NA_TKY_QUYET_THANG_VTCI,19.048331,105.125481,active
NANNKH05,NA_NAD_XOM_NUNG_VTCI,19.419346,105.12679,active
NANTLC10,NA_NLC_KCN_NAM_CAM_PSDT_1_01R,18.883,105.6618,active
NANTLH07,NA_NLC_KCN_WHA2_1,18.833367,105.609095,active
NANTLH10,NA_NLC_FUWING_A6,18.82905,105.61326,active
NANTLH11,NA_NLC_FUWING_F2,18.82889,105.60907,active
NANTMI09,NA_QLU_QUYNH_LAP_2,19.2789586,105.7738395,active
NANTVH39,NA_VIH_CC_ECOPARK_IBC,18.6876708,105.7587428,active
NANTVI27,NA_VIH_DONG_VINH,18.6806664,105.6869331,active
NANVPU21,NA_VIH_HUYNDAI_VINH,18.717705,105.674046,active
NANCKE01,NA_CCG_CHAU_KHE,19.10874368,104.7866462,active
NANCLU01,NA_KSN_CHIEU_LUU,19.3492,104.274,active
NANDLC11,NA_NLC_NGHI_THINH_2_01R,18.78957,105.6889,active
NANTPU05,NA_TKY_TAN_LONG_2,19.0995457,105.2760781,active
NANTTI01,NA_TDG_TAM_THAI,19.22975,104.53905,active
