child_node_code,parent_node_code,trans_type
NANCLO08,CSG5.1,Local
NANCLO01,NANCLO08,Lastmile VNPT
NANCLO16,NANCLO08,Lastmile VNPT
NANCLO09,CSG5.2,Local
NANCLO03,NANCLO09,Lastmile VNPT
NANCLO05,NANCLO09,Lastmile MBF
NANCLO07,NANCLO09,Lastmile MBF
NANCLO13,NANCLO09,Lastmile VNPT
NANCLO15,NANCLO09,Lastmile VNPT
NANCLO11,CSG6.5,Local
NANCLO02,NANCLO11,Lastmile MBF
NANCLO06,NANCLO11,Lastmile MBF
NANCLO14,CSG6.4,Local
NANDLC02,NANCLO14,Lastmile VNPT
NANDCU01,CSG11.1,Local
NANQCH01,NANDCU01,Lastmile MBF
NANQCH06,NANQCH01,Lastmile MBF
NANMCU01,NANDCU01,Lastmile MBF
NANDCH07,NANMCU01,Lastmile MBF
NANMCU04,NANMCU01,Lastmile VNPT
NANQCH05,NANDCU01,Lastmile MBF
NANACU02,CSG9.3,Local
NANACU01,NANACU02,Lastmile MBF
NANTCU01,NANACU01,Lastmile MBF
NANTCU03,NANACU01,Lastmile MBF
NANTCU08,NANTCU03,Lastmile MBF
NANACU05,NANACU02,Lastmile MBF
NANDCH03,CSG9.1,Local
NANACU03,NANDCH03,Lastmile HTC
NANACU04,NANACU03,Lastmile MBF
NANDCH04,NANDCH03,Lastmile HTC
NANDCH01,NANDCH03,Lastmile MBF
NANDCH11,NANDCH01,Lastmile MBF
NANDCH05,NANDCH03,Lastmile HTC
NANDCH10,NANDCH03,Lastmile MBF
NANDCH06,NANDCH03,Lastmile MBF
NANDCH09,NANDCH03,Lastmile VNPT
NANDCH08,NANDCH03,Lastmile HTC
NANDCU02,CSG11.2,Local
NANDCU03,NANDCU02,Lastmile MBF
NANQCH04,NANDCU02,Lastmile VNPT
NANDTH03,NANQCH04,Lastmile MBF
NANBMH02,NANDTH03,Lastmile MBF
NANDTH04,NANDTH03,Lastmile VNPT
NANQCH07,NANQCH04,Lastmile MBF
NANHCH04,CSG12.2,Local
NANHCH03,NANHCH04,Lastmile MBF
NANQLU09,NANHCH03,Lastmile MBF
NANHCH08,NANHCH04,Lastmile MBF
NANQPU03,NANHCH04,Lastmile MBF
NANHCH05,CSG12.1,Local
NANDCH02,NANHCH05,Lastmile MBF
NANHCH01,NANHCH05,Lastmile MBF
NANHCH02,NANHCH01,Lastmile MBF
NANHCH06,NANHCH01,Lastmile MBF
NANHCH09,NANHCH06,Lastmile MBF
NANDCU05,NANHCH05,Lastmile VNPT
NANDCU04,NANDCU05,Lastmile VNPT
NANHCU06,CSG18.2,Local
NANHCU04,NANHCU06,Lastmile MBF
NANHCU07,NANHCU06,Lastmile VNPT
NANHCU11,NANHCU07,Lastmile MBF
NANHCU12,NANHCU06,Lastmile VNPT
NANHCU14,NANHCU06,Lastmile MBF
NANBMH01,NANHCU06,Lastmile VNPT
NANHCU08,NANBMH01,VR4
NANBMH05,NANBMH01,Lastmile VNPT
NANQCH02,CSG18.1,Local
NANMCU05,CSG9.2,Local
NANMCU07,NANMCU05,Lastmile MBF
NANMCU02,NANMCU05,Lastmile MBF
NANACU06,NANMCU02,Lastmile VNPT
NANMCU03,NANMCU05,Lastmile MBF
NANTCU04,NANMCU05,Lastmile MBF
NANTCU02,NANTCU04,Lastmile VNPT
NANTCU05,NANTCU04,Lastmile VNPT
NANTCU07,NANTCU05,Lastmile VNPT
NANTCU06,NANTCU05,Lastmile MBF
NANMCU06,NANMCU05,Lastmile MBF
NANHCU09,CSG12.3,Local
NANHCU13,NANHCU09,Lastmile MBF
NANHCU15,NANHCU09,SIAE
NANHCU02,CSG11.3,Local
NANHCU05,NANHCU02,Lastmile MBF
NANHCU03,NANHCU02,Lastmile MBF
NANHCU01,NANHCU02,Lastmile VNPT
NANHCH07,NANHCU01,Lastmile MBF
NANDTH01,NANHCU02,Lastmile VNPT
NANDLG03,CSG20.3,Local
NANYXN08,NANDLG03,Wilink
NANYXN04,NANYXN08,Lastmile MBF
NANDLG10,NANDLG03,SIAE
NANLSN02,NANDLG03,Lastmile MBF
NANBNC03,NANLSN02,Lastmile VNPT
NANBNC06,NANBNC03,Lastmile VNPT
NANBNC07,NANBNC03,SIAE
NANLSN06,NANBNC03,SIAE
NANLSN07,NANLSN02,SIAE
NANLSN04,NANLSN02,Lastmile VNPT
NANDLG07,NANDLG03,Lastmile VNPT
NANDLG04,NANDLG03,Lastmile VNPT
NANDLG02,NANDLG04,Lastmile MBF
NANDLG09,NANDLG02,Lastmile MBF
NANDLG06,NANDLG03,Lastmile MBF
NANVHN02,NANDLG06,Lastmile MBF
NANDLG05,NANDLG06,Lastmile MBF
NANVHN03,NANDLG05,Lastmile VNPT
NANVHN01,NANVHN03,Lastmile VNPT
NANDLG08,NANDLG03,Lastmile VNPT
NANBNC01,CSG20.2,Local
NANBNC02,NANBNC01,Lastmile VNPT
NANBNC05,NANBNC02,Lastmile MBF
NANBNC04,NANBNC05,Lastmile MBF
NANASD03,NANBNC05,VNPT
NANASD05,NANASD03,VR4
NANLSN03,NANBNC01,Lastmile VNPT
NANLSN05,NANLSN03,Lastmile VNPT
NANVDU03,NANBNC01,Wilink
NANVDU04,NANBNC01,Lastmile VNPT
NANBHA07,CSG16.2,Local
NANBHA02,NANBHA07,Lastmile VNPT
NANBHA01,NANBHA02,Lastmile VNPT
NANVKU01,NANBHA02,Lastmile VNPT
NANVKU02,NANVKU01,Lastmile VNPT
NANVKU06,NANVKU02,Lastmile VNPT
NANVKU03,NANVKU01,Lastmile VNPT
NANVKU04,NANVKU01,Lastmile VNPT
NANVKU07,NANVKU04,SIAE
NANVKU05,NANBHA02,Lastmile MBF
NANBHA03,NANBHA07,Lastmile VNPT
NANVHN04,NANBHA03,Lastmile VNPT
NANVHN05,NANVHN04,SIAE
NANTTG02,CSG16.1,Local
NANTTG07,NANTTG02,SIAE
NANTTG05,NANTTG07,Lastmile VNPT
NANDLG01,NANTTG05,Lastmile MBF
NANTTG03,NANTTG02,Lastmile MBF
NANTTG01,NANTTG02,Lastmile VNPT
NANBHA05,CSG16.3,Local
NANBHA04,NANBHA05,Lastmile MBF
NANBHA06,NANBHA04,Lastmile MBF
NANTTG06,CSG15.1,Local
NANTTG08,NANTTG06,VR4
NANTTG04,NANTTG06,Lastmile VNPT
NANCNN02,NANTTG06,VR4
NANDDG05,NANTTG06,Lastmile MBF
NANTDG01,NANTTG06,Wilink
NANHLM01,NANTDG01,Lastmile MBF
NANHLM02,NANHLM01,Lastmile MBF
NANTDG04,NANHLM01,Lastmile MBF
NANCNN03,NANTDG01,SIAE
NANQMI04,CSG14.5,Local
NANQMI03,NANQMI04,Lastmile VNPT
NANQMI05,NANQMI04,Lastmile MBF
NANTMI05,CSG13.3,Local
NANTMI06,NANTMI05,Lastmile MBF
NANTMI04,NANTMI06,Lastmile MBF
NANTMI01,NANTMI04,Lastmile MBF
NANTMI03,NANTMI01,Lastmile MBF
NANTMI07,NANTMI06,Lastmile VNPT
NANTMI02,NANTMI05,Lastmile MBF
NANHMI01,CSG13.4,Lastmile MBF
NANTMI08,NANHMI01,SIAE
NANHMI11,NANHMI01,Lastmile MBF
NANHMI02,CSG13.4,Lastmile MBF
NANHMI03,CSG13.5,Local
NANQMI01,NANHMI03,Lastmile VNPT
NANQMI08,NANQMI01,SIAE
NANQVN09,NANQMI01,Lastmile MBF
NANQMI02,NANHMI03,Lastmile MBF
NANHMI04,CSG13.4,Lastmile VNPT
NANHMI05,NANHMI04,Lastmile VNPT
NANHMI10,NANHMI04,Lastmile VNPT
NANHMI09,NANHMI10,Lastmile VNPT
NANHMI06,NANHMI10,Lastmile VNPT
NANHMI07,NANHMI10,SIAE
NANQMI06,CSG13.4,Local
NANQMI07,NANQMI06,Lastmile HTC
NANQVN07,NANQMI06,Lastmile MBF
NANQVN01,NANQVN07,Lastmile MBF
NANQVN08,NANQVN07,Lastmile MBF
NANHNG03,CSG1.6,Local
NANHNG09,NANHNG03,Lastmile MBF
NANHNG04,NANHNG03,Lastmile VNPT
NANHNG08,NANHNG03,Lastmile MBF
NANHNG14,NANHNG08,VR4
NANHNG17,NANHNG09,SIAE
NANHNG16,NANHNG03,SIAE
NANTVI26,CSG1.6,Lastmile MBF
NANLTH06,CSG1.3,Local
NANLTH01,NANLTH06,Lastmile MBF
NANLTH02,NANLTH01,Lastmile MBF
NANLTH04,NANLTH01,Lastmile VNPT
NANLTH03,NANLTH06,Lastmile MBF
NANHNN01,CSG1.5,Local
NANHNN07,NANHNN01,Lastmile VNPT
NANKLN12,NANHNN01,Lastmile MBF
NANHNG06,CSG1.2,Local
NANTVH03,NANHNG06,Lastmile HTC
NANHNG07,NANTVH03,Lastmile MBF
NANHNG10,NANHNG06,Lastmile MBF
NANLTH05,CSG1.4,Local
NANHNN02,NANLTH05,Lastmile MBF
NANTNN06,NANHNN02,Lastmile VNPT
NANTNN05,NANTNN06,Lastmile MBF
NANTNN07,NANTNN05,SIAE
NANTNN04,NANTNN06,Lastmile MBF
NANTNN01,NANTNN04,Lastmile MBF
NANHNN05,NANLTH05,Lastmile VNPT
NANHNN04,NANHNN05,Lastmile VNPT
NANHNN03,NANHNN04,Lastmile VNPT
NANHNN06,NANHNN03,Lastmile MBF
NANNKH02,CSG17.2,Local
NANNKH04,NANNKH02,Lastmile VNPT
NANNKH03,NANNKH02,Lastmile MBF
NANNKH01,NANNKH03,Lastmile MBF
NANMHP01,NANNKH02,Wilink
NANMHP02,NANMHP01,Lastmile MBF
NANNLM03,CSG19.3,Local
NANNLM08,NANNLM03,Lastmile MBF
NANNMA04,CSG19.4,Local
NANNMA01,NANNMA04,Lastmile VNPT
NANNMA02,NANNMA01,Lastmile VNPT
NANNLM07,NANNMA02,Wilink
NANNHG03,NANNMA01,Lastmile VNPT
NANNMA03,NANNMA04,Lastmile MBF
NANNLM04,NANNMA04,Lastmile VNPT
NANNDN04,CSG19.1,Local
NANNDN05,NANNDN04,Lastmile MBF
NANNDN01,NANNDN05,Lastmile MBF
NANNDN02,NANNDN01,Lastmile VNPT
NANNTO03,NANNDN02,Lastmile VNPT
NANNTO04,NANNTO03,Lastmile MBF
NANNLM01,NANNTO04,Lastmile MBF
NANNLM02,NANNLM01,Lastmile MBF
NANNDN06,NANNDN01,Lastmile MBF
NANNTO02,NANNDN05,Lastmile MBF
NANNTO01,NANNTO02,Lastmile VNPT
NANQTG04,NANNTO01,Lastmile MBF
NANQTG02,NANQTG04,Lastmile VNPT
NANQTG03,NANQTG02,SIAE
NANDHU01,NANNDN04,Lastmile MBF
NANNLM05,CSG19.2,Local
NANNLM06,NANNLM05,Lastmile VNPT
NANNDN03,NANNLM05,Lastmile VNPT
NANKLN02,CSG16.6,Local
NANKLN01,NANKLN02,Lastmile MBF
NANKLN11,NANKLN01,Lastmile MBF
NANKLN14,NANKLN01,Lastmile MBF
NANDHE04,NANKLN02,Lastmile MBF
NANDHE01,NANDHE04,Lastmile VNPT
NANDHE03,NANDHE01,Lastmile VNPT
NANDHE07,NANDHE03,Lastmile MBF
NANVAN08,NANDHE04,Lastmile MBF
NANKLN03,CSG15.6,Local
NANDHE08,NANKLN03,Lastmile MBF
NANDHE09,NANDHE08,Lastmile MBF
NANKLN08,NANKLN03,Lastmile MBF
NANKLN09,NANKLN03,Lastmile VNPT
NANKLN06,NANKLN09,Lastmile MBF
NANVAN02,CSG15.5,Local
NANVAN01,NANVAN02,Lastmile MBF
NANVAN07,NANVAN01,Lastmile VNPT
NANVAN04,NANVAN02,Lastmile MBF
NANVAN03,NANVAN04,Lastmile MBF
NANTNN03,NANVAN03,Lastmile MBF
NANVAN06,NANVAN02,Lastmile MBF
NANKLN07,CSG15.7,Local
NANHNG01,NANKLN07,Lastmile MBF
NANHNG11,NANHNG01,Lastmile MBF
NANKLN04,NANHNG01,Lastmile MBF
NANHNG15,NANHNG01,VR400
NANKLN05,NANKLN07,Lastmile VNPT
NANDHE05,NANKLN05,Lastmile MBF
NANNDA05,CSG16.4,Local
NANNDA01,NANNDA05,Lastmile VNPT
NANNDA02,NANNDA05,Lastmile MBF
NANVAN05,CSG16.5,Local
NANNDA03,NANVAN05,Lastmile MBF
NANNDA06,NANVAN05,Lastmile MBF
NANNDA04,NANNDA06,Lastmile MBF
NANDHE06,NANNDA04,Lastmile VNPT
NANDHE02,NANDHE06,Lastmile VNPT
NANTLC02,CSG5.5,Local
NANHLC03,NANTLC02,Lastmile VNPT
NANHLC08,NANHLC03,Lastmile MBF
NANHLC01,NANHLC03,Lastmile MBF
NANTLC11,NANTLC02,Lastmile MBF
NANTLC09,NANTLC02,Lastmile MBF
NANVPU01,CSG6.3,Local
NANVPU02,NANVPU01,Lastmile MBF
NANDLC04,NANVPU01,Lastmile MBF
NANDLC06,NANVPU01,Lastmile MBF
NANDLC09,NANVPU01,Lastmile MBF
NANYTG02,CSG8.3,Local
NANYTG01,NANYTG02,Lastmile VNPT
NANYTG03,NANYTG01,Lastmile MBF
NANPLC09,NANYTG01,SIAE
NANPLC02,NANYTG02,Lastmile VNPT
NANPLC01,NANPLC02,Lastmile VNPT
NANPLC07,NANPLC02,Lastmile MBF
NANNLC01,NANYTG02,Lastmile MBF
NANYTG04,NANYTG02,Lastmile MBF
NANDLC07,CSG5.3,Local
NANCLO04,NANDLC07,Lastmile MBF
NANCLO10,NANDLC07,Lastmile MBF
NANCLO12,NANDLC07,Lastmile MBF
NANDLC10,NANDLC07,Lastmile MBF
NANDLC03,NANDLC07,Lastmile MBF
NANVHG01,CSG7.2,Local
NANVHG07,NANVHG01,Lastmile VNPT
NANNLC03,NANVHG07,Lastmile VNPT
NANNLC06,NANNLC03,Lastmile MBF
NANPLC04,CSG8.4,Local
NANPLC03,NANPLC04,Lastmile VNPT
NANPLC08,NANPLC03,SIAE
NANPLC05,NANPLC04,Lastmile MBF
NANPLC06,NANPLC04,Lastmile MBF
NANTLH06,NANPLC04,Lastmile MBF
NANTLH03,CSG8.2,Local
NANTLH01,NANTLH03,Lastmile MBF
NANTLH02,NANTLH01,Lastmile MBF
NANTLH04,NANTLH03,Lastmile MBF
NANTLH05,NANTLH03,Lastmile VNPT
NANTLC04,CSG5.4,Local
NANTLC03,NANTLC04,Lastmile MBF
NANTLC05,NANTLC04,Lastmile MBF
NANHLC02,NANTLC05,Lastmile VNPT
NANHLC04,NANTLC05,Lastmile VNPT
NANHLC05,NANHLC04,Lastmile VNPT
NANHLC06,NANHLC04,Lastmile MBF
NANHLC07,NANTLC05,Lastmile MBF
NANTLC07,NANTLC04,Lastmile MBF
NANVLC04,CSG4.6,Local
NANVLC02,NANVLC04,Lastmile MBF
NANVLC03,NANVLC04,Lastmile MBF
NANVLC09,NANVLC03,Lastmile VNPT
NANVLC14,NANVLC04,Lastmile MBF
NANTLC06,CSG8.1,Local
NANTLC01,NANTLC06,Lastmile MBF
NANTLC12,NANTLC01,Lastmile MBF
NANNLC02,NANTLC06,Lastmile VNPT
NANNLC08,NANNLC02,Lastmile MBF
NANDLC01,NANTLC06,Lastmile VNPT
NANVLC05,CSG4.7,Local
NANNLC04,CSG7.1,Local
NANDLC05,NANNLC04,Lastmile MBF
NANDLC08,NANDLC05,Lastmile MBF
NANDLC12,NANDLC05,Lastmile MBF
NANNLC05,NANNLC04,Lastmile VNPT
NANNLC07,NANNLC04,Lastmile VNPT
NANTLC08,NANNLC07,Lastmile MBF
NANNLC09,NANNLC04,Lastmile MBF
NANQLU02,CSG12.4,Local
NANQLU05,NANQLU02,Lastmile VNPT
NANQLU10,NANQLU05,Lastmile MBF
NANQSN09,NANQLU05,Lastmile MBF
NANQSN11,NANQLU05,SIAE
NANQPU02,CSG14.2,Local
NANQPU01,NANQPU02,Lastmile MBF
NANQPU06,NANQPU01,Lastmile MBF
NANQPU10,NANQPU01,Lastmile VNPT
NANQPU11,NANQPU01,Lastmile VNPT
NANQAH01,NANQPU02,Lastmile MBF
NANQAH08,NANQAH01,Lastmile MBF
NANQAH02,CSG14.4,Local
NANQAH06,NANQAH02,Lastmile MBF
NANQAH05,NANQAH02,Lastmile MBF
NANQAH04,NANQAH05,Lastmile MBF
NANQLU06,CSG13.1,Local
NANQLU07,NANQLU06,Lastmile MBF
NANQAH07,NANQLU07,Lastmile MBF
NANQSN03,NANQLU06,Lastmile VNPT
NANQSN04,NANQLU06,Lastmile MBF
NANQSN07,NANQSN04,Lastmile MBF
NANQSN01,NANQSN07,Lastmile VNPT
NANQSN02,NANQSN01,Lastmile MBF
NANQSN06,NANQSN02,Lastmile MBF
NANQSN05,NANQSN07,Lastmile VNPT
NANQSN08,NANQSN05,Lastmile VNPT
NANQSN12,NANQSN05,Lastmile MBF
NANQVN03,NANQLU06,Lastmile MBF
NANQAH03,CSG14.3,Local
NANQLU01,CSG14.1,Local
NANQPU04,NANQLU01,Lastmile MBF
NANQPU08,NANQPU04,Lastmile MBF
NANQPU05,NANQPU08,Lastmile VNPT
NANQPU07,NANQPU08,Lastmile VNPT
NANQPU09,NANQPU04,Lastmile MBF
NANQLU03,NANQLU01,Lastmile VNPT
NANQLU04,NANQLU03,Lastmile VNPT
NANQLU08,NANQLU03,Lastmile VNPT
NANQSN10,NANQLU08,Lastmile MBF
NANQLU11,NANQLU01,Lastmile MBF
NANQLU12,NANQLU01,Lastmile MBF
NANQTM02,CSG18.3,Local
NANQTM03,NANQTM02,Lastmile MBF
NANQTM01,NANQTM03,Lastmile VNPT
NANHCU10,NANQTM02,Lastmile MBF
NANQTM04,NANQTM02,Lastmile VNPT
NANQTM05,NANQTM04,Lastmile VNPT
NANQVN05,CSG13.2,Local
NANQVN04,NANQVN05,Lastmile MBF
NANQVN02,NANQVN04,Lastmile HTC
NANQVN06,NANQVN04,Lastmile MBF
NANXLM02,CSG15.4,Local
NANKBG01,NANXLM02,Wilink
NANBHO06,NANXLM02,VR4
NANBHO01,NANXLM02,Wilink
NANXLM01,NANXLM02,Lastmile MBF
NANXLM04,NANXLM02,Lastmile MBF
NANXLM03,CSG15.3,Local
NANXLM05,NANXLM03,Lastmile MBF
NANKBG02,NANXLM03,Lastmile VNPT
NANHQN04,NANKBG02,Lastmile VNPT
NANHQN01,NANHQN04,Lastmile VNPT
NANHQN03,NANHQN01,Lastmile VNPT
NANKBG05,NANKBG02,Lastmile VNPT
NANBHO02,NANKBG05,Lastmile VNPT
NANBHO04,NANBHO02,Lastmile MBF
NANBHO03,NANBHO02,Lastmile MBF
NANBHO05,NANBHO03,Lastmile MBF
NANKBG03,NANKBG02,Lastmile VNPT
NANHQN06,NANKBG03,Lastmile VNPT
NANKBG06,NANHQN06,Lastmile MBF
NANKBG04,NANKBG06,Lastmile MBF
NANKBG07,NANKBG02,Lastmile VNPT
NANDDG02,CSG15.2,Local
NANDDG03,NANDDG02,Lastmile MBF
NANDDG07,NANDDG03,Lastmile VNPT
NANDDG08,NANDDG07,Lastmile VNPT
NANDDG04,NANDDG02,Lastmile MBF
NANDDG01,NANDDG04,Lastmile MBF
NANDDG09,NANDDG01,Lastmile VNPT
NANDDG10,NANDDG01,Lastmile VNPT
NANDDG06,NANDDG02,Lastmile VNPT
NANTDG02,NANDDG06,Lastmile VNPT
NANTDG03,NANTDG02,Lastmile VNPT
NANCNN01,NANTDG03,Lastmile MBF
NANTDG05,NANCNN01,SIAE
NANHLM03,NANTDG03,Wilink
NANHQN07,NANDDG06,Lastmile VNPT
NANHQN05,NANDDG06,Lastmile MBF
NANHQN02,NANHQN05,Lastmile MBF
NANTHA04,CSG19.6,Local
NANTHA01,NANTHA04,Lastmile MBF
NANTHA08,NANTHA04,Lastmile VNPT
NANTHA07,NANTHA04,Lastmile MBF
NANDHU04,NANTHA04,Lastmile MBF
NANTHA03,NANTHA04,Lastmile MBF
NANTHA06,NANTHA03,Lastmile MBF
NANTHA05,NANTHA06,Lastmile MBF
NANDHU03,CSG18.4,Local
NANNLO03,NANDHU03,Lastmile VNPT
NANNLO01,NANNLO03,Lastmile MBF
NANNLO02,NANNLO01,Lastmile MBF
NANDHU05,NANDHU03,Lastmile MBF
NANDHU07,NANDHU05,Lastmile MBF
NANNLO04,NANDHU07,Lastmile VNPT
NANNLO05,NANNLO04,Lastmile VNPT
NANDHU02,NANDHU05,Lastmile VNPT
NANDHU06,NANDHU03,Lastmile VNPT
NANTHA02,CSG19.5,Local
NANNHG01,NANTHA02,Wilink
NANTHU01,CSG17.1,Local
NANTHU02,NANTHU01,Lastmile MBF
NANNHG06,NANTHU02,Lastmile MBF
NANNHG04,NANNHG06,Lastmile VNPT
NANNHG05,NANNHG04,Lastmile VNPT
NANNHG02,NANNHG04,Lastmile VNPT
NANTHU03,NANTHU01,Lastmile MBF
NANTKY02,CSG19.8,Local
NANNDG01,CSG19.7,Local
NANNDG04,CSG17.3,Local
NANNDG02,NANNDG04,Lastmile MBF
NANNDG03,NANNDG04,Lastmile MBF
NANTPU03,NANNDG03,Lastmile MBF
NANTPU01,NANTPU03,Lastmile MBF
NANTPU02,NANTPU01,Lastmile VNPT
NANGXN01,NANTPU02,Lastmile MBF
NANTPU04,NANTPU03,Lastmile MBF
NANTKY08,CSG20.1,Local
NANTKY01,NANTKY08,Lastmile MBF
NANNHH04,NANTKY01,Lastmile MBF
NANNHH01,NANNHH04,Lastmile VNPT
NANNHH02,NANNHH01,Lastmile MBF
NANNHH03,NANNHH01,Wilink
NANTKY03,NANTKY08,Lastmile MBF
NANTAN02,NANTKY08,Wilink
NANTAN01,NANTAN02,Lastmile MBF
NANTKY05,NANTKY08,Lastmile MBF
NANTKY06,NANTKY08,Lastmile MBF
NANTKY07,CSG17.4,Local
NANTKY04,NANTKY07,Lastmile VNPT
NANVPU03,CSG6.2,Local
NANVPU06,NANVPU03,Lastmile VNPT
NANVPU13,NANVPU03,Lastmile MBF
NANVPU15,NANVPU03,Lastmile MBF
NANTVH06,CSG4.3,Local
NANTVH12,NANTVH06,Lastmile HTC
NANTVH36,NANTVH12,Lastmile MBF
NANVLC08,NANTVH06,Lastmile VNPT
NANTVH21,NANTVH06,Lastmile VNPT
NANTVH44,NANTVH06,Lastmile MBF
NANVLC06,CSG4.5,Local
NANVPU09,NANVLC06,Lastmile VNPT
NANVLC10,NANVLC06,Lastmile VNPT
NANTVH27,CSG2.3,Local
NANTVH37,NANTVH27,Lastmile MBF
NANTVH07,NANTVH27,Lastmile HTC
NANTVH34,NANTVH27,Lastmile MBF
NANTVH08,CSG3.4,Local
NANTVH28,NANTVH08,Lastmile MBF
NANTVH01,NANTVH08,Lastmile HTC
NANTVH02,NANTVH08,Lastmile VNPT
NANTVH41,NANTVH08,Lastmile MBF
NANVHG04,CSG7.3,Local
NANVHG03,NANVHG04,Lastmile VNPT
NANHNG05,NANVHG03,Lastmile VNPT
NANKLN10,NANHNG05,Lastmile VNPT
NANHNG12,NANVHG03,Wilink
NANVHG11,NANVHG04,Lastmile MBF
NANVHG06,NANVHG04,Lastmile VNPT
NANVHG13,NANVHG06,Lastmile MBF
NANVHG12,NANVHG04,Lastmile MBF
NANVPU12,NANVHG04,Lastmile HTC
NANVLC11,CSG4.4,Local
NANVLC01,NANVLC11,Lastmile MBF
NANVLC12,NANVLC11,Lastmile HTC
NANTVH11,CSG3.5,Local
NANTVH35,NANTVH18,Lastmile VNPT
NANTVH13,CSG4.1,Local
NANTVH04,NANTVH13,Lastmile VNPT
NANTVH25,NANTVH13,Lastmile VNPT
NANTVI10,CSG3.1,Local
NANTVI05,NANTVI10,Lastmile VNPT
NANTVI28,NANTVI05,Lastmile MBF
NANTVI09,NANTVI10,Lastmile MBF
NANTVI25,NANTVI10,Lastmile MBF
NANTVI11,CSG3.2,Local
NANVPU05,CSG6.1,Local
NANVPU10,NANVPU05,Lastmile VNPT
NANVPU04,NANVPU05,Lastmile VNPT
NANVPU11,NANVPU05,Lastmile MBF
NANVLC07,NANVPU05,Lastmile VNPT
NANVPU14,NANVPU05,Lastmile MBF
NANVLC13,NANVPU14,Lastmile MBF
NANTVI12,CSG3.6,Local
NANTVH29,NANTVI12,Lastmile MBF
NANTVI08,NANTVI12,Lastmile VNPT
NANTVH17,CSG4.2,Local
NANTVH10,NANTVH17,Lastmile MBF
NANTVH40,NANTVH10,Lastmile MBF
NANVPU16,NANTVH40,Lastmile VNPT
NANTVH09,NANTVH17,Lastmile MBF
NANTVH31,NANTVH17,Lastmile VNPT
NANTVH32,NANTVH17,Lastmile HTC
NANTVH33,NANTVH32,Lastmile MBF
NANTVH22,NANTVH17,Lastmile HTC
NANTVH18,CSG3.5,Local
NANTVH20,CSG1.1,Local
NANTVH05,NANTVH20,Lastmile MBF
NANTVH30,NANTVH20,Lastmile MBF
NANTVH38,NANTVH20,Lastmile MBF
NANTVH16,NANTVH20,Lastmile VNPT
NANTVH19,NANTVH20,Lastmile VNPT
NANTVH15,NANTVH19,Lastmile MBF
NANVHG09,CSG7.4,Local
NANVHG10,NANVHG09,Lastmile MBF
NANVHG02,NANVHG10,Lastmile VNPT
NANVHG05,NANVHG09,Lastmile MBF
NANTVI06,NANVHG05,Lastmile HTC
NANTVI19,NANTVI06,Lastmile MBF
NANHNG02,NANTVI19,Lastmile MBF
NANHNG13,NANHNG02,VR4
NANVHG08,NANVHG09,Lastmile MBF
NANVPU07,NANVHG09,Lastmile MBF
NANVPU08,NANVHG09,Lastmile MBF
NANVPU17,NANVHG09,Lastmile MBF
NANTVI22,CSG2.1,Lastmile MBF
NANTVI01,CSG2.1,Lastmile VNPT
NANTVI16,NANTVI01,Lastmile VNPT
NANTVI02,CSG2.1,Lastmile VNPT
NANTVI17,CSG2.1,Lastmile MBF
NANTVH23,CSG2.2,Local
NANTVH14,NANTVH23,Lastmile VNPT
NANTVH24,NANTVH23,Lastmile MBF
NANTVH26,CSG3.3,Local
NANTVI24,NANTVH26,Lastmile VNPT
NANYTH02,CSG10.1,Local
NANYTH03,NANYTH02,Lastmile HTC
NANQCH03,NANYTH03,Lastmile MBF
NANDTH02,NANYTH03,Lastmile MBF
NANYTH04,NANYTH02,Lastmile VNPT
NANYTH07,NANYTH02,Lastmile MBF
NANYTH09,NANYTH07,Lastmile MBF
NANYTH06,NANYTH07,Lastmile VNPT
NANYTH05,NANYTH06,Lastmile MBF
NANQDG02,NANYTH05,Lastmile MBF
NANQDG01,NANQDG02,Lastmile MBF
NANQDG03,NANYTH05,Lastmile MBF
NANQTH03,NANYTH06,Lastmile MBF
NANYTH01,NANYTH02,Lastmile VNPT
NANGLC02,NANYTH01,Lastmile MBF
NANGLC04,NANGLC02,Lastmile MBF
NANBMH04,NANGLC04,Lastmile MBF
NANBMH06,NANGLC04,Lastmile MBF
NANGLC01,NANGLC02,Lastmile MBF
NANBMH03,NANGLC01,Lastmile MBF
NANGLC06,NANGLC02,Lastmile MBF
NANGLC05,NANYTH01,Lastmile MBF
NANGLC03,NANGLC05,VR4
NANYTH10,NANYTH02,Lastmile MBF
NANYTH08,NANYTH02,Lastmile MBF
NANQTH01,CSG10.2,Local
NANHMH03,NANQTH01,Lastmile VNPT
NANVTU04,NANQTH01,Lastmile MBF
NANVDU02,NANVTU04,Lastmile VNPT
NANLSN01,NANVDU02,Lastmile VNPT
NANQTH04,NANQTH01,Lastmile VNPT
NANQTH02,NANQTH01,Lastmile MBF
NANQTH07,NANQTH01,VR4
NANHMH05,CSG10.4,Local
NANHMH02,NANHMH05,Lastmile MBF
NANHMH08,NANHMH02,Lastmile MBF
NANHMH04,NANHMH05,Lastmile MBF
NANHMH06,NANHMH05,Lastmile MBF
NANHMH01,NANHMH06,Lastmile MBF
NANHMH07,NANHMH06,Lastmile MBF
NANVTU01,CSG10.3,Local
NANVTU02,NANVTU01,Lastmile MBF
NANVTU03,NANVTU01,Lastmile MBF
NANVTU06,NANVTU01,SIAE
NANVTU05,NANVTU01,Lastmile MBF
NANVDU01,NANVTU05,Lastmile VNPT
NANTVI15,CSG2.4,Local
NANTVI04,NANTVI15,Lastmile VNPT
NANTVI18,NANTVI04,Lastmile MBF
NANTVI07,NANTVI15,Lastmile MBF
NANTVI20,NANTVI07,Lastmile MBF
NANTVI03,NANTVI15,Lastmile VNPT
NANTVI13,NANTVI15,Lastmile VNPT
NANTVI14,NANTVI15,Lastmile MBF
NANTVI23,NANTVI14,Lastmile VNPT
NANHMI12,CSG13.5,Local
NANTBT01,VNPT-ASN,VNPT
NANTBT02,VNPT-ASN,VNPT
NANASD02,VNPT-ASN,VNPT
NANBCN01,VNPT-CCG,VNPT
NANMCG02,VNPT-QHP,VNPT
NANQTG01,VNPT-QLU,VNPT
NANHCN01,VNPT-QCU,VNPT
NANYHA01,VNPT-TDG,VNPT
NANYHA02,VNPT-TDG,VNPT
NANYNA01,VNPT-TDG,VNPT
NANYNA03,VNPT-TDG,VNPT
NANASN09,VNPT-ASN,VNPT
NANASN10,NANASN09,Wilink
NANNHA01,NANASN10,Viba
NANNHA05,NANNHA01,VR4
NANASN08,NANASN09,Lastmile VNPT
NANVTG02,NANASN08,Lastmile VNPT
NANASN12,NANVTG02,SIAE
NANVTG01,NANVTG02,Lastmile MBF
NANVTG03,NANVTG01,Lastmile MBF
NANVTG04,NANASN08,Lastmile VNPT
NANASN14,NANASN09,Lastmile MBF
NANYXN05,NANASN09,Lastmile VNPT
NANASN11,NANASN09,Lastmile VNPT
NANASN13,NANASN09,Lastmile VNPT
NANYXN01,VNPT-ASN,VNPT
NANYXN06,NANYXN01,Lastmile MBF
NANYXN07,NANYXN01,SIAE
NANYXN03,NANYXN01,Lastmile MBF
NANYXN02,NANYXN03,Lastmile MBF
NANASD01,NANYXN02,SIAE
NANASD04,NANYXN02,SIAE
NANNHA02,VNPT-ASN,VNPT
NANNHA03,NANNHA02,SIAE
NANCCG07,SPT,SPT
NANCCG01,VNPT-TDG,VNPT
NANCCG04,NANCCG01,Lastmile MBF
NANCCG06,NANCCG04,Lastmile MBF
NANCCG03,NANCCG04,Lastmile MBF
NANCCG08,VNPT-CCG,VNPT
NANCCG02,NANCCG08,Lastmile MBF
NANMSN02,VNPT-CCG,VNPT
NANMTH01,VNPT-CCG,VNPT
NANMXN01,VNPT-KSN,VNPT
NANCBH02,VNPT-QCU,VNPT
NANQCU02,VNPT-QCU,VNPT
NANCHG01,SPT,SPT
NANMCG03,VNPT-QHP,VNPT
NANQHP04,VNPT-QHP,VNPT
NANQHP06,NANQHP04,Lastmile VNPT
NANMHP05,NANQHP06,Lastmile VNPT
NANQHP03,NANQHP04,Lastmile VNPT
NANQHP05,NANQHP04,Lastmile VNPT
NANQHP07,NANQHP05,Lastmile VNPT
NANCLC01,NANQHP07,Lastmile VNPT
NANQHP02,NANQHP04,Lastmile VNPT
NANQHP01,NANQHP02,Lastmile VNPT
NANMHM01,NANQHP01,Lastmile MBF
NANMHM02,NANQHP02,Lastmile VNPT
NANMHM03,NANMHM02,Lastmile VNPT
NANCLU02,VNPT-KSN,VNPT
NANNTO05,SPT,SPT
NANTNN02,VNPT-NDN,VNPT
NANCTN01,VNPT-QCU,VNPT
NANCTN02,VNPT-QCU,VNPT
NANCTN03,NANCTN02,Lastmile MBF
NANTPG03,NANCTN02,SIAE
NANCTN04,VNPT-QCU,VNPT
NANMCG01,VNPT-QHP,VNPT
NANCHG02,VNPT-QHP,VNPT
NANTHP08,VNPT-QHP,VNPT
NANTHP03,NANTHP08,Lastmile VNPT
NANTHP02,NANTHP03,Lastmile VNPT
NANTHP04,NANTHP03,Lastmile VNPT
NANMHP04,NANTHP03,Lastmile VNPT
NANMHP03,NANMHP04,Lastmile VNPT
NANTHP05,NANTHP08,Lastmile VNPT
NANTHP01,NANTHP05,Lastmile VNPT
NANTHP07,NANTHP01,Lastmile VNPT
NANTHP09,NANTHP07,Lastmile MBF
NANTHP06,NANTHP05,SIAE
NANNCN02,VNPT-KSN,VNPT
NANCBH01,VNPT-QCU,VNPT
NANCBH03,NANCBH01,SIAE
NANQCU03,VNPT-QCU,VNPT
NANQCU01,NANQCU03,Lastmile MBF
NANQCU04,NANQCU03,Lastmile MBF
NANMXN02,VNPT-KSN,VNPT
NANMQG01,VNPT-QPG,VNPT
NANTTU01,VNPT-QPG,VNPT
NANTPG01,VNPT-QPG,VNPT
NANTPG02,VNPT-QPG,VNPT
NANQPG03,VNPT-QPG,VNPT
NANQPG01,NANQPG03,Lastmile MBF
NANQPG04,NANQPG01,Lastmile MBF
NANQPG02,NANQPG03,Lastmile MBF
NANTLE01,VNPT-QPG,VNPT
NANTQG01,VNPT-TDG,VNPT
NANLMH01,VNPT-TDG,VNPT
NANNMY02,VNPT-TDG,VNPT
NANTQG02,VNPT-TDG,VNPT
NANTQG03,VNPT-TDG,VNPT
NANTDU01,VNPT-TDG,VNPT
NANNMY01,VNPT-TDG,VNPT
NANNMY03,VNPT-TDG,VNPT
NANYNA02,VNPT-TDG,VNPT
NANTDO01,VNPT-TKY,VNPT
NANTDO02,NANTDO01,VR4
NANTDO03,VNPT-TKY,VNPT
NANHKM01,VNPT-KSN,VNPT
NANCLO17,NANCLO08,Lastmile VNPT
NANVAN09,NANVAN01,Lastmile MBF
NANTDG06,NANTDG01,Lastmile MBF
NANQVN10,NANQVN08,Lastmile MBF
NANDCU06,NANDCU03,Lastmile MBF
NANHMI08,NANQVN07,SIAE
NANHNG20,NANHNG08,Viba
NANHNG21,NANHNG08,Viba
NANNHH06,KDL-HN,Internet
NANNKH05,KDL-HN,Internet
NANTLC10,NANTLC04,Lastmile MBF
NANTLH07,NANTLH02,Lastmile MBF
NANTLH10,NANTLH05,Viba
NANTLH11,NANTLH01,Viba
NANTMI09,NANTMI01,Lastmile MBF
NANTVH39,NANTVH40,Lastmile MBF
NANTVI27,NANTVI06,Lastmile MBF
NANVPU21,NANVHG09,Lastmile MBF
NANCKE01,VNPT-CCG,VNPT
NANCLU01,VNPT-KSN,VNPT
NANDLC11,NANDLC05,Lastmile MBF
NANTPU05,NANTKY07,VR4
NANTTI01,VNPT-TDG,VNPT
CSG5.1,AGG ring 2,MetroLink
CSG5.2,AGG ring 2,MetroLink
CSG6.5,AGG ring 2,MetroLink
CSG6.4,AGG ring 2,MetroLink
CSG11.1,AGG ring 1,MetroLink
CSG9.3,AGG ring 1,MetroLink
CSG9.1,AGG ring 1,MetroLink
CSG11.2,AGG ring 1,MetroLink
CSG12.2,AGG ring 1,MetroLink
CSG12.1,AGG ring 1,MetroLink
CSG18.2,AGG ring 4,MetroLink
CSG18.1,AGG ring 4,MetroLink
CSG9.2,AGG ring 1,MetroLink
CSG12.3,AGG ring 1,MetroLink
CSG11.3,AGG ring 1,MetroLink
CSG20.3,AGG ring 4,MetroLink
CSG20.2,AGG ring 4,MetroLink
CSG16.2,AGG ring 4,MetroLink
CSG16.1,AGG ring 4,MetroLink
CSG16.3,AGG ring 4,MetroLink
CSG15.1,AGG ring 4,MetroLink
CSG14.5,AGG ring 1,MetroLink
CSG13.3,AGG ring 1,MetroLink
CSG13.5,AGG ring 1,MetroLink
CSG13.4,AGG ring 1,MetroLink
CSG1.6,AGG ring 3,MetroLink
CSG1.3,AGG ring 3,MetroLink
CSG1.5,AGG ring 3,MetroLink
CSG1.2,AGG ring 3,MetroLink
CSG1.4,AGG ring 3,MetroLink
CSG17.2,AGG ring 4,MetroLink
CSG19.3,AGG ring 4,MetroLink
CSG19.4,AGG ring 4,MetroLink
CSG19.1,AGG ring 4,MetroLink
CSG19.2,AGG ring 4,MetroLink
CSG16.6,AGG ring 4,MetroLink
CSG15.6,AGG ring 4,MetroLink
CSG15.5,AGG ring 4,MetroLink
CSG15.7,AGG ring 4,MetroLink
CSG16.4,AGG ring 4,MetroLink
CSG16.5,AGG ring 4,MetroLink
CSG5.5,AGG ring 2,MetroLink
CSG6.3,AGG ring 2,MetroLink
CSG8.3,AGG ring 2,MetroLink
CSG5.3,AGG ring 2,MetroLink
CSG7.2,AGG ring 2,MetroLink
CSG8.4,AGG ring 2,MetroLink
CSG8.2,AGG ring 2,MetroLink
CSG5.4,AGG ring 2,MetroLink
CSG4.6,AGG ring 2,MetroLink
CSG8.1,AGG ring 2,MetroLink
CSG4.7,AGG ring 2,MetroLink
CSG7.1,AGG ring 2,MetroLink
CSG12.4,AGG ring 1,MetroLink
CSG14.2,AGG ring 1,MetroLink
CSG14.4,AGG ring 1,MetroLink
CSG13.1,AGG ring 1,MetroLink
CSG14.3,AGG ring 1,MetroLink
CSG14.1,AGG ring 1,MetroLink
CSG18.3,AGG ring 4,MetroLink
CSG13.2,AGG ring 1,MetroLink
CSG15.4,AGG ring 4,MetroLink
CSG15.3,AGG ring 4,MetroLink
CSG15.2,AGG ring 4,MetroLink
CSG19.6,AGG ring 4,MetroLink
CSG18.4,AGG ring 4,MetroLink
CSG19.5,AGG ring 4,MetroLink
CSG17.1,AGG ring 4,MetroLink
CSG19.8,AGG ring 4,MetroLink
CSG19.7,AGG ring 4,MetroLink
CSG17.3,AGG ring 4,MetroLink
CSG20.1,AGG ring 4,MetroLink
CSG17.4,AGG ring 4,MetroLink
CSG6.2,AGG ring 2,MetroLink
CSG4.3,AGG ring 2,MetroLink
CSG4.5,AGG ring 2,MetroLink
CSG2.3,AGG ring 3,MetroLink
CSG3.4,AGG ring 3,MetroLink
CSG7.3,AGG ring 2,MetroLink
CSG4.4,AGG ring 2,MetroLink
CSG3.5,AGG ring 3,MetroLink
CSG4.1,AGG ring 2,MetroLink
CSG3.1,AGG ring 3,MetroLink
CSG3.2,AGG ring 3,MetroLink
CSG6.1,AGG ring 2,MetroLink
CSG3.6,AGG ring 3,MetroLink
CSG4.2,AGG ring 2,MetroLink
CSG1.1,AGG ring 3,MetroLink
CSG7.4,AGG ring 2,MetroLink
CSG2.2,AGG ring 3,MetroLink
CSG3.3,AGG ring 3,MetroLink
CSG10.1,AGG ring 1,MetroLink
CSG10.2,AGG ring 1,MetroLink
CSG10.4,AGG ring 1,MetroLink
CSG10.3,AGG ring 1,MetroLink
CSG2.4,AGG ring 3,MetroLink
AGG ring 2,MetroCore,core
AGG ring 1,MetroCore,core
AGG ring 4,MetroCore,core
AGG ring 3,MetroCore,core
VNPT-ASN,KDL-VNPT,CELink
VNPT-CCG,KDL-VNPT,CELink
VNPT-QHP,KDL-VNPT,CELink
VNPT-QLU,KDL-VNPT,CELink
VNPT-QCU,KDL-VNPT,CELink
VNPT-TDG,KDL-VNPT,CELink
SPT,root,CELink
VNPT-KSN,KDL-VNPT,CELink
VNPT-NDN,KDL-VNPT,CELink
VNPT-QPG,KDL-VNPT,CELink
VNPT-TKY,KDL-VNPT,CELink
root,,
CSG2.1,AGG ring 3,MetroLink
KDL-VNPT,root,core
KDL-HN,root,core
MetroCore,root,core
