node_code,node_name,equipment_type
CSG5.1,CSG5.1-NA_CLO_CUA_HOI,CSG
CSG5.2,CSG5.2-NA_CLO_CUA_LO,CSG
CSG6.5,CSG6.5-NA_CLO_NGHI_HUONG_2,CSG
CSG6.4,CSG6.4-NA_CLO_NGUYEN_SINH_CUNG,CSG
CSG11.1,CSG11.1-NA_DCU_CAU_BUNG,CSG
CSG9.3,CSG9.3-NA_DCU_DIEN_BINH,CSG
CSG9.1,CSG9.1-NA_DCU_DIEN_CHAU,CSG
CSG11.2,CSG11.2-NA_DCU_DIEN_HONG,CSG
CSG12.2,CSG12.2-NA_DCU_DIEN_HUNG,CSG
CSG12.1,CSG12.1-NA_DCU_DIEN_KIM,CSG
CSG18.2,CSG18.2-NA_DCU_DIEN_LAM,CSG
CSG18.1,CSG18.1-NA_DCU_DIEN_LIEN,CSG
CSG9.2,CSG9.2-NA_DCU_DIEN_THANG,CSG
CSG12.3,CSG12.3-NA_DCU_DIEN_TRUONG,CSG
CSG11.3,CSG11.3-NA_DCU_YEN_LY,CSG
CSG20.3,CSG20.3-NA_DLG_DO_LUONG,CSG
CSG20.2,CSG20.2-NA_DLG_GIANG_SON_2,CSG
CSG16.2,CSG16.2-NA_DLG_HIEN_SON_2,CSG
CSG16.1,CSG16.1-NA_DLG_MINH_SON,CSG
CSG16.3,CSG16.3-NA_DLG_MY_SON_2,CSG
CSG15.1,CSG15.1-NA_DLG_THUAN_SON,CSG
CSG14.5,CSG14.5-NA_HMA_QUYNH_LIEN_2,CSG
CSG13.3,CSG13.3-NA_HMA_QUYNH_LOC,CSG
CSG13.5,CSG13.5-NA_HMA_QUYNH_THIEN_ACX710,CSG
CSG13.4,CSG13.4-NA_HMA_QUYNH_LOC_ACX710,CSG
CSG1.6,CSG1.6-NA_HNN_HUNG_NGUYEN,CSG
CSG1.3,CSG1.3-NA_HNN_HUNG_PHUC,CSG
CSG1.5,CSG1.5-NA_HNN_HUNG_TAN,CSG
CSG1.2,CSG1.2-NA_HNN_HUNG_THINH,CSG
CSG1.4,CSG1.4-NA_HNN_HUNG_TIEN,CSG
CSG17.2,CSG17.2-NA_NAD_NGHIA_KHANH,CSG
CSG19.3,CSG19.3-NA_NAD_NGHIA_LAM,CSG
CSG19.4,CSG19.4-NA_NAD_NGHIA_MINH,CSG
CSG19.1,CSG19.1-NA_NAD_TT_NGHIA_DAN,CSG
CSG19.2,CSG19.2-NA_NAD_YEN_TRUNG,CSG
CSG16.6,CSG16.6-NA_NDN_HUNG_TIEN,CSG
CSG15.6,CSG15.6-NA_NDN_LANG_SEN,CSG
CSG15.5,CSG15.5-NA_NDN_NAM_DAN_2,CSG
CSG15.7,CSG15.7-NA_NDN_NAM_GIANG_2,CSG
CSG16.4,CSG16.4-NA_NDN_NAM_HUNG_2,CSG
CSG16.5,CSG16.5-NA_NDN_VAN_DIEN,CSG
CSG5.5,CSG5.5-NA_NLC_CN_NAM_CAM_2,CSG
CSG6.3,CSG6.3-NA_NLC_NGHI_AN,CSG
CSG8.3,CSG8.3-NA_NLC_NGHI_DONG,CSG
CSG5.3,CSG5.3-NA_NLC_NGHI_HOP,CSG
CSG7.2,CSG7.2-NA_NLC_NGHI_LIEN,CSG
CSG8.4,CSG8.4 NA_NLC_NGHI_MY,CSG
CSG8.2,CSG8.2-NA_NLC_NGHI_PHUONG,CSG
CSG5.4,CSG5.4-NA_NLC_NGHI_QUANG,CSG
CSG4.6,CSG4.6-NA_NLC_NGHI_THAI_2,CSG
CSG8.1,CSG8.1-NA_NLC_NGHI_THUAN_2,CSG
CSG4.7,CSG4.7-NA_NLC_NGHI_XUAN,CSG
CSG7.1,CSG7.1-NA_NLC_QUAN_HANH,CSG
CSG12.4,CSG12.4-NA_QLU_CAU_GIAT,CSG
CSG14.2,CSG14.2-NA_QLU_KHANH_THANH,CSG
CSG14.4,CSG14.4-NA_QLU_QUYNH_BANG,CSG
CSG13.1,CSG13.1-NA_QLU_QUYNH_HAU,CSG
CSG14.3,CSG14.3-NA_QLU_QUYNH_LUONG,CSG
CSG14.1,CSG14.1-NA_QLU_QUYNH_NGOC_2,CSG
CSG18.3,CSG18.3-NA_QLU_QUYNH_TAM_2,CSG
CSG13.2,CSG13.2-NA_QLU_QUYNH_VAN_4,CSG
CSG15.4,CSG15.4-NA_TCG_CHO_CON,CSG
CSG15.3,CSG15.3-NA_TCG_NGOC_SON_3,CSG
CSG15.2,CSG15.2-NA_TCG_THANH_CHUONG,CSG
CSG19.6,CSG19.6-NA_THA_DONG_TAM,CSG
CSG18.4,CSG18.4-NA_THA_NB_DONG_HIEU,CSG
CSG19.5,CSG19.5-NA_THA_QUANG_PHONG,CSG
CSG17.1,CSG17.1-NA_THA_TAY_HIEU_2,CSG
CSG19.8,CSG19.8-NA_TKY_KY_TAN,CSG
CSG19.7,CSG19.7-NA_TKY_NGHIA_BINH,CSG
CSG17.3,CSG17.3-NA_TKY_NGHIA_DONG_2,CSG
CSG20.1,CSG20.1-NA_TKY_TAN_KY_3,CSG
CSG17.4,CSG17.4-NA_TKY_TAN_LONG,CSG
CSG6.2,CSG6.2-NA_VIH_BV_DA_KHOA_NGHE_AN,CSG
CSG4.3,CSG4.3-NA_VIH_BV_VINH,CSG
CSG4.5,CSG4.5-NA_VIH_CDSP_VINH,CSG
CSG2.3,CSG2.3-NA_VIH_CHO_VINH_3,CSG
CSG3.4,CSG3.4-NA_VIH_DAI_LO_3_2,CSG
CSG7.3,CSG7.3-NA_VIH_DANG_THAI_MAI,CSG
CSG4.4,CSG4.4-NA_VIH_HUNG_LOC_4,CSG
CSG3.5,CSG3.5-NA_VIH_HUNG_PHUC,CSG
CSG4.1,CSG4.1-NA_VIH_KS_PHUONG_DONG_IBC,CSG
CSG3.1,CSG3.1-NA_VIH_KS_THUONG_MAI,CSG
CSG3.2,CSG3.2-NA_VIH_LE_HONG_PHONG,CSG
CSG6.1,CSG6.1-NA_VIH_LE_NIN,CSG
CSG3.6,CSG3.6-NA_VIH_NGUYEN_SY_SACH_3,CSG
CSG4.2,CSG4.2-NA_VIH_PHONG_DINH_CANG,CSG
CSG1.1,CSG1.1-NA_VIH_PHUONG_HOANG_2,CSG
CSG7.4,CSG7.4-NA_VIH_QUAN_BAU,CSG
CSG2.2,CSG2.2-NA_VIH_TRAN_PHU,CSG
CSG3.3,CSG3.3-NA_VIH_TRUONG_THI,CSG
CSG10.1,CSG10.1-NA_YTH_HOA_THANH,CSG
CSG10.2,CSG10.2-NA_YTH_NAM_THANH,CSG
CSG10.4,CSG10.4-NA_YTH_VIEN_THANH,CSG
CSG10.3,CSG10.3-NA_YTH_YEN_THANH_2,CSG
CSG2.4,CSG2.4-NA_VIH_SVD_VINH,CSG
AGG ring 2,AGG ring 2,AGG
AGG ring 1,AGG ring 1,AGG
AGG ring 4,AGG ring 4,AGG
AGG ring 3,AGG ring 3,AGG
VNPT-ASN,VNPT-ASN,KDL
VNPT-CCG,VNPT-CCG,KDL
VNPT-QHP,VNPT-QHP,KDL
VNPT-QLU,VNPT-QLU,KDL
VNPT-QCU,VNPT-QCU,KDL
VNPT-TDG,VNPT-TDG,KDL
SPT,SPT,KDL
VNPT-KSN,VNPT-KSN,KDL
VNPT-NDN,VNPT-NDN,KDL
VNPT-QPG,VNPT-QPG,KDL
VNPT-TKY,VNPT-TKY,KDL
CSG2.1,CSG2.1-NA_VIH_ROADM_VINH_1,CSG
KDL-VNPT,KDL-VNPT,Core
KDL-HN,KDL-HN,Core
MetroCore,MetroCore,Core
