device_code,alarm_name,start_time
NANHQN02_4G,loss_comm,2026-09-28 15:18:00
NANTNN01_4G,loss_comm,2026-09-28 16:18:00
NANTNN04_4G,loss_comm,2026-09-28 16:18:00
NANTNN05_4G,loss_comm,2026-09-28 16:18:00
NANTNN06_4G,loss_comm,2026-09-28 16:18:00
NANTNN07_4G,loss_comm,2026-09-28 16:18:00
NANTNN01,loss_comm,2026-09-28 16:18:00
NANTNN04,loss_comm,2026-09-28 16:18:00
NANTNN05,loss_comm,2026-09-28 16:18:00
NANTNN06,loss_comm,2026-09-28 16:18:00
NANTNN06_4G,power_fail,2026-09-30 14:05:00
NANTVH04_4G,loss_comm,2026-09-28 17:00:00
NANTVH13_4G,loss_comm,2026-09-28 17:00:00
NANTVH25_4G,loss_comm,2026-09-28 17:00:00
NANTVH04,loss_comm,2026-09-28 17:00:00
NANTVH13,loss_comm,2026-09-28 17:00:00
NANTVH25,loss_comm,2026-09-28 17:00:00
NANTVH13_4G,power_fail,2026-09-28 16:05:00
NANTVH25_4G,power_fail,2026-09-28 16:05:00



